#
# There is insufficient memory for the Java Runtime Environment to continue.
# Native memory allocation (mmap) failed to map 40894464 bytes for G1 virtual space
# Possible reasons:
#   The system is out of physical RAM or swap space
#   The process is running with CompressedOops enabled, and the Java Heap may be blocking the growth of the native heap
# Possible solutions:
#   Reduce memory load on the system
#   Increase physical memory or swap space
#   Check if swap backing store is full
#   Decrease Java heap size (-Xmx/-Xms)
#   Decrease number of Java threads
#   Decrease Java thread stack sizes (-Xss)
#   Set larger code cache with -XX:ReservedCodeCacheSize=
#   JVM is running with Unscaled Compressed Oops mode in which the Java heap is
#     placed in the first 4GB address space. The Java Heap base address is the
#     maximum limit for the native heap growth. Please use -XX:HeapBaseMinAddress
#     to set the Java Heap base and to place the Java Heap above 4GB virtual address.
# This output file may be truncated or incomplete.
#
#  Out of Memory Error (os_windows.cpp:3600), pid=2992, tid=5408
#
# JRE version: Java(TM) SE Runtime Environment (21.0.1+12) (build 21.0.1+12-LTS-29)
# Java VM: Java HotSpot(TM) 64-Bit Server VM (21.0.1+12-LTS-29, mixed mode, sharing, tiered, compressed oops, compressed class ptrs, g1 gc, windows-amd64)
# No core dump will be written. Minidumps are not enabled by default on client versions of Windows
#

---------------  S U M M A R Y ------------

Command Line: --add-opens=java.base/java.lang=ALL-UNNAMED --add-opens=java.base/java.lang.invoke=ALL-UNNAMED --add-opens=java.base/java.util=ALL-UNNAMED --add-opens=java.prefs/java.util.prefs=ALL-UNNAMED --add-exports=jdk.compiler/com.sun.tools.javac.api=ALL-UNNAMED --add-exports=jdk.compiler/com.sun.tools.javac.util=ALL-UNNAMED --add-opens=java.base/java.util=ALL-UNNAMED --add-opens=java.prefs/java.util.prefs=ALL-UNNAMED --add-opens=java.base/java.nio.charset=ALL-UNNAMED --add-opens=java.base/java.net=ALL-UNNAMED --add-opens=java.base/java.util.concurrent.atomic=ALL-UNNAMED --add-opens=java.xml/javax.xml.namespace=ALL-UNNAMED -XX:MaxMetaspaceSize=512m -Xmx2048m -Dfile.encoding=UTF-8 -Duser.country=IN -Duser.language=en -Duser.variant -javaagent:C:\Users\thera\.gradle\wrapper\dists\gradle-8.14.3-bin\cv11ve7ro1n3o1j4so8xd9n66\gradle-8.14.3\lib\agents\gradle-instrumentation-agent-8.14.3.jar org.gradle.launcher.daemon.bootstrap.GradleDaemon 8.14.3

Host: 12th Gen Intel(R) Core(TM) i7-12650H, 16 cores, 15G,  Windows 11 , 64 bit Build 26100 (10.0.26100.8875)
Time: Sat Jul 25 21:00:03 2026 India Standard Time elapsed time: 93.204383 seconds (0d 0h 1m 33s)

---------------  T H R E A D  ---------------

Current thread (0x00000274d3a8f980):  VMThread "VM Thread"          [id=5408, stack(0x0000009ae5100000,0x0000009ae5200000) (1024K)]

Stack: [0x0000009ae5100000,0x0000009ae5200000]
Native frames: (J=compiled Java code, j=interpreted, Vv=VM code, C=native code)
V  [jvm.dll+0x6c9029]
V  [jvm.dll+0x854b81]
V  [jvm.dll+0x856e5e]
V  [jvm.dll+0x857543]
V  [jvm.dll+0x280c06]
V  [jvm.dll+0x6c5715]
V  [jvm.dll+0x6ba10a]
V  [jvm.dll+0x3557ea]
V  [jvm.dll+0x35d436]
V  [jvm.dll+0x3ae1be]
V  [jvm.dll+0x3ae468]
V  [jvm.dll+0x3291fc]
V  [jvm.dll+0x32baa6]
V  [jvm.dll+0x3359fe]
V  [jvm.dll+0x36bc65]
V  [jvm.dll+0x85d048]
V  [jvm.dll+0x85e144]
V  [jvm.dll+0x85e680]
V  [jvm.dll+0x85e923]
V  [jvm.dll+0x7fd728]
V  [jvm.dll+0x6c777d]
C  [ucrtbase.dll+0x2cd30]
C  [KERNEL32.DLL+0x2e957]
C  [ntdll.dll+0xaad6c]

VM_Operation (0x0000009ae4cff6e0): G1PauseRemark, mode: safepoint, requested by thread 0x00000274b713a1f0


---------------  P R O C E S S  ---------------

Threads class SMR info:
_java_thread_list=0x00000274f742cab0, length=268, elements={
0x00000274b70cf600, 0x00000274d3ab1d00, 0x00000274d3ab4870, 0x00000274d3abbcf0,
0x00000274d3abdb80, 0x00000274d3ac2b20, 0x00000274d3ac81b0, 0x00000274d3ad0e90,
0x00000274d4631f60, 0x00000274d4796070, 0x00000274d4794630, 0x00000274d4796d90,
0x00000274d47959e0, 0x00000274d4795350, 0x00000274d4797420, 0x00000274d4793fa0,
0x00000274f5b67670, 0x00000274f5b69dd0, 0x00000274f5b68390, 0x00000274f5b66950,
0x00000274f5b690b0, 0x00000274f5b67d00, 0x00000274f5b69740, 0x00000274f5b68a20,
0x00000274f5b66fe0, 0x00000274f5b6d8e0, 0x00000274f5b6df70, 0x00000274f5b6aaf0,
0x00000274f5b6b810, 0x00000274f5b6b180, 0x00000274f5b6cbc0, 0x00000274f5b6d250,
0x00000274f5b6bea0, 0x00000274d4794cc0, 0x00000274f8fae210, 0x00000274f8fb0970,
0x00000274f8fb02e0, 0x00000274f8faf5c0, 0x00000274f8fafc50, 0x00000274f7659c80,
0x00000274f76595f0, 0x00000274f765a310, 0x00000274f765bd50, 0x00000274f765c3e0,
0x00000274f765de20, 0x00000274f765ca70, 0x00000274f765d100, 0x00000274f765d790,
0x00000274f765e4b0, 0x00000274f765b030, 0x00000274f765eb40, 0x00000274f765b6c0,
0x00000274f7660c10, 0x00000274f758bd90, 0x00000274f758c420, 0x00000274f758b070,
0x00000274f758d140, 0x00000274f7589cc0, 0x00000274f758de60, 0x00000274f758a9e0,
0x00000274f75912e0, 0x00000274f7590c50, 0x00000274f758f210, 0x00000274f758e4f0,
0x00000274f758eb80, 0x00000274f758f8a0, 0x00000274f758ff30, 0x00000274f75905c0,
0x00000274f9c193e0, 0x00000274f9c1bb40, 0x00000274f9c1a790, 0x00000274f9c1c1d0,
0x00000274f9c1c860, 0x00000274f9c1cef0, 0x00000274f9c1ae20, 0x00000274f9c1b4b0,
0x00000274f9c19a70, 0x00000274f9c1d580, 0x00000274f9c1a100, 0x00000274f9c1dc10,
0x00000274f9c20a00, 0x00000274f9c20370, 0x00000274f9c1e2a0, 0x00000274f9c1e930,
0x00000274f9c1efc0, 0x00000274f9c1f650, 0x00000274f9c1fce0, 0x00000274f75b4a80,
0x00000274f75b43f0, 0x00000274f75b29b0, 0x00000274f75b3040, 0x00000274f75b5110,
0x00000274f75b1c90, 0x00000274f75b36d0, 0x00000274f75b57a0, 0x00000274f75b2320,
0x00000274f75b5e30, 0x00000274f75b71e0, 0x00000274f75b6b50, 0x00000274f75b3d60,
0x00000274f75b7870, 0x00000274f75b92b0, 0x00000274f75b7f00, 0x00000274f75b8590,
0x00000274f71926e0, 0x00000274f7194120, 0x00000274f71919c0, 0x00000274f7193a90,
0x00000274f8fb1690, 0x00000274f8fae8a0, 0x00000274fa7e1120, 0x00000274fa7e2b60,
0x00000274fa7e0400, 0x00000274fa7e3f10, 0x00000274fa7e0a90, 0x00000274fa7e31f0,
0x00000274fa7e1e40, 0x00000274fa7e45a0, 0x00000274fa7e4c30, 0x00000274fa7e24d0,
0x00000274fa7e17b0, 0x00000274fa7e3880, 0x00000274f991a160, 0x00000274f991cf50,
0x00000274f991a7f0, 0x00000274f991c230, 0x00000274f991d5e0, 0x00000274f991c8c0,
0x00000274f991bba0, 0x00000274f991b510, 0x00000274fa7e5fe0, 0x00000274fa7e6670,
0x00000274fa7e6d00, 0x00000274fa7e7390, 0x00000274fa7e7a20, 0x00000274fac01f80,
0x00000274fabffeb0, 0x00000274fac01260, 0x00000274fabff820, 0x00000274fabff190,
0x00000274fac00540, 0x00000274fac039c0, 0x00000274fac02610, 0x00000274fac00bd0,
0x00000274fac018f0, 0x00000274fac04050, 0x00000274fac03330, 0x00000274fac06120,
0x00000274fac05400, 0x00000274fac046e0, 0x00000274fac04d70, 0x00000274fac05a90,
0x00000274fac067b0, 0x00000274fa1d74e0, 0x00000274fa1d6130, 0x00000274fa1d4060,
0x00000274fa1d7b70, 0x00000274fa1d46f0, 0x00000274fa1d67c0, 0x00000274fa1d5410,
0x00000274fa1d6e50, 0x00000274fa1d8200, 0x00000274fa1d5aa0, 0x00000274fa1d4d80,
0x00000274fa1da960, 0x00000274fa1d95b0, 0x00000274fa1d9c40, 0x00000274fa1da2d0,
0x00000274fa1daff0, 0x00000274fa1db680, 0x00000274f7a78120, 0x00000274f7a77400,
0x00000274f7a77a90, 0x00000274f7a766e0, 0x00000274f7a74ca0, 0x00000274f7a787b0,
0x00000274f7a76050, 0x00000274f7a75330, 0x00000274f7a759c0, 0x00000274f7a7a1f0,
0x00000274f7a79b60, 0x00000274f7a794d0, 0x00000274f7a76d70, 0x00000274f7a7bc30,
0x00000274f7a7b5a0, 0x00000274f7a7c2c0, 0x00000274f7a7af10, 0x00000274f7a7c950,
0x00000274f7a7cfe0, 0x00000274f7a7d670, 0x00000274f7a7dd00, 0x00000274f7a7a880,
0x00000274f7a7ea20, 0x00000274f7a7f740, 0x00000274f7a81180, 0x00000274f7a7e390,
0x00000274f7a7f0b0, 0x00000274f7a82bc0, 0x00000274f7a81ea0, 0x00000274f7a82530,
0x00000274f7a83250, 0x00000274f7a7fdd0, 0x00000274f7a80460, 0x00000274f7a838e0,
0x00000274f7a83f70, 0x00000274f9411360, 0x00000274f9412080, 0x00000274f940f290,
0x00000274f9410640, 0x00000274f940f920, 0x00000274f94119f0, 0x00000274f9410cd0,
0x00000274f940ec00, 0x00000274f9412710, 0x00000274f9412da0, 0x00000274f9416220,
0x00000274f9414e70, 0x00000274f94168b0, 0x00000274f94147e0, 0x00000274f9416f40,
0x00000274f9415b90, 0x00000274f9413ac0, 0x00000274f94175d0, 0x00000274f9414150,
0x00000274f9417c60, 0x00000274f94182f0, 0x00000274f9418980, 0x00000274f9415500,
0x00000274f941c490, 0x00000274f941b770, 0x00000274f941aa50, 0x00000274f941a3c0,
0x00000274f9419d30, 0x00000274f941be00, 0x00000274f9419010, 0x00000274f941cb20,
0x00000274f94196a0, 0x00000274fae71940, 0x00000274fae6f870, 0x00000274fae6ff00,
0x00000274fae712b0, 0x00000274fae70590, 0x00000274fae71fd0, 0x00000274fae72660,
0x00000274fae6f1e0, 0x00000274fa0c42c0, 0x00000274fa0c2880, 0x00000274fa0c4950,
0x00000274fa0c4fe0, 0x00000274fa0c21f0, 0x00000274fa0c2f10, 0x00000274fa0c35a0,
0x00000274fa0c1b60, 0x00000274fa0c5d00, 0x00000274fa0c5670, 0x00000274fa0c6a20,
0x00000274fa0c8460, 0x00000274fa0c8af0, 0x00000274f7bb6ee0, 0x00000274f7bbb080,
0x00000274fa27a020, 0x00000274fa277070, 0x000002748d71b4d0, 0x000002748d723180,
0x000002748d71fd00, 0x000002748d723ea0, 0x000002748d726c90, 0x000002748d726600
}

Java Threads: ( => current thread )
  0x00000274b70cf600 JavaThread "main"                              [_thread_blocked, id=13956, stack(0x0000009ae4a00000,0x0000009ae4b00000) (1024K)]
  0x00000274d3ab1d00 JavaThread "Reference Handler"          daemon [_thread_blocked, id=12920, stack(0x0000009ae5200000,0x0000009ae5300000) (1024K)]
  0x00000274d3ab4870 JavaThread "Finalizer"                  daemon [_thread_blocked, id=15264, stack(0x0000009ae5300000,0x0000009ae5400000) (1024K)]
  0x00000274d3abbcf0 JavaThread "Signal Dispatcher"          daemon [_thread_blocked, id=17588, stack(0x0000009ae5400000,0x0000009ae5500000) (1024K)]
  0x00000274d3abdb80 JavaThread "Attach Listener"            daemon [_thread_blocked, id=13336, stack(0x0000009ae5500000,0x0000009ae5600000) (1024K)]
  0x00000274d3ac2b20 JavaThread "Service Thread"             daemon [_thread_blocked, id=1716, stack(0x0000009ae5600000,0x0000009ae5700000) (1024K)]
  0x00000274d3ac81b0 JavaThread "Monitor Deflation Thread"   daemon [_thread_blocked, id=20996, stack(0x0000009ae5700000,0x0000009ae5800000) (1024K)]
  0x00000274d3ad0e90 JavaThread "C2 CompilerThread0"         daemon [_thread_blocked, id=24808, stack(0x0000009ae5800000,0x0000009ae5900000) (1024K)]
  0x00000274d4631f60 JavaThread "C1 CompilerThread0"         daemon [_thread_blocked, id=19120, stack(0x0000009ae5900000,0x0000009ae5a00000) (1024K)]
  0x00000274d4796070 JavaThread "Common-Cleaner"             daemon [_thread_blocked, id=17116, stack(0x0000009ae5a00000,0x0000009ae5b00000) (1024K)]
  0x00000274d4794630 JavaThread "Notification Thread"        daemon [_thread_blocked, id=17036, stack(0x0000009ae5e00000,0x0000009ae5f00000) (1024K)]
  0x00000274d4796d90 JavaThread "Daemon health stats"               [_thread_blocked, id=7652, stack(0x0000009ae6600000,0x0000009ae6700000) (1024K)]
  0x00000274d47959e0 JavaThread "Incoming local TCP Connector on port 60060"        [_thread_in_native, id=1568, stack(0x0000009ae6a00000,0x0000009ae6b00000) (1024K)]
  0x00000274d4795350 JavaThread "Daemon periodic checks"            [_thread_blocked, id=8948, stack(0x0000009ae6b00000,0x0000009ae6c00000) (1024K)]
  0x00000274d4797420 JavaThread "Daemon"                            [_thread_blocked, id=16708, stack(0x0000009ae6c00000,0x0000009ae6d00000) (1024K)]
  0x00000274d4793fa0 JavaThread "Handler for socket connection from /127.0.0.1:60060 to /127.0.0.1:60061"        [_thread_in_native, id=12544, stack(0x0000009ae6d00000,0x0000009ae6e00000) (1024K)]
  0x00000274f5b67670 JavaThread "Cancel handler"                    [_thread_blocked, id=4284, stack(0x0000009ae6e00000,0x0000009ae6f00000) (1024K)]
  0x00000274f5b69dd0 JavaThread "Daemon worker"                     [_thread_blocked, id=23912, stack(0x0000009ae6f00000,0x0000009ae7000000) (1024K)]
  0x00000274f5b68390 JavaThread "Asynchronous log dispatcher for DefaultDaemonConnection: socket connection from /127.0.0.1:60060 to /127.0.0.1:60061"        [_thread_blocked, id=24400, stack(0x0000009ae7000000,0x0000009ae7100000) (1024K)]
  0x00000274f5b66950 JavaThread "Stdin handler"                     [_thread_blocked, id=3740, stack(0x0000009ae7100000,0x0000009ae7200000) (1024K)]
  0x00000274f5b690b0 JavaThread "Daemon client event forwarder"        [_thread_blocked, id=11056, stack(0x0000009ae7200000,0x0000009ae7300000) (1024K)]
  0x00000274f5b67d00 JavaThread "Cache worker for journal cache (C:\Users\thera\.gradle\caches\journal-1)"        [_thread_blocked, id=23232, stack(0x0000009ae7300000,0x0000009ae7400000) (1024K)]
  0x00000274f5b69740 JavaThread "File lock request listener"        [_thread_in_native, id=8496, stack(0x0000009ae7400000,0x0000009ae7500000) (1024K)]
  0x00000274f5b68a20 JavaThread "Cache worker for file hash cache (C:\Users\thera\.gradle\caches\8.14.3\fileHashes)"        [_thread_blocked, id=3796, stack(0x0000009ae7500000,0x0000009ae7600000) (1024K)]
  0x00000274f5b66fe0 JavaThread "Cache worker for file hash cache (E:\7mails\mobile\android\.gradle\8.14.3\fileHashes)"        [_thread_blocked, id=23256, stack(0x0000009ae7c00000,0x0000009ae7d00000) (1024K)]
  0x00000274f5b6d8e0 JavaThread "Cache worker for Build Output Cleanup Cache (E:\7mails\mobile\android\.gradle\buildOutputCleanup)"        [_thread_blocked, id=23016, stack(0x0000009ae7d00000,0x0000009ae7e00000) (1024K)]
  0x00000274f5b6df70 JavaThread "File watcher server"        daemon [_thread_in_native, id=9556, stack(0x0000009ae7e00000,0x0000009ae7f00000) (1024K)]
  0x00000274f5b6aaf0 JavaThread "File watcher consumer"      daemon [_thread_blocked, id=9100, stack(0x0000009ae7f00000,0x0000009ae8000000) (1024K)]
  0x00000274f5b6b810 JavaThread "jar transforms"                    [_thread_blocked, id=12796, stack(0x0000009ae8000000,0x0000009ae8100000) (1024K)]
  0x00000274f5b6b180 JavaThread "jar transforms Thread 2"           [_thread_blocked, id=16220, stack(0x0000009ae8100000,0x0000009ae8200000) (1024K)]
  0x00000274f5b6cbc0 JavaThread "jar transforms Thread 3"           [_thread_blocked, id=25520, stack(0x0000009ae8200000,0x0000009ae8300000) (1024K)]
  0x00000274f5b6d250 JavaThread "jar transforms Thread 4"           [_thread_blocked, id=13492, stack(0x0000009ae5f00000,0x0000009ae6000000) (1024K)]
  0x00000274f5b6bea0 JavaThread "jar transforms Thread 5"           [_thread_blocked, id=15076, stack(0x0000009ae8300000,0x0000009ae8400000) (1024K)]
  0x00000274d4794cc0 JavaThread "Cache worker for checksums cache (E:\7mails\mobile\android\.gradle\8.14.3\checksums)"        [_thread_blocked, id=17096, stack(0x0000009ae8400000,0x0000009ae8500000) (1024K)]
  0x00000274f8fae210 JavaThread "Cache worker for file content cache (C:\Users\thera\.gradle\caches\8.14.3\fileContent)"        [_thread_blocked, id=14848, stack(0x0000009ae8500000,0x0000009ae8600000) (1024K)]
  0x00000274f8fb0970 JavaThread "jar transforms Thread 6"           [_thread_blocked, id=3428, stack(0x0000009ae8600000,0x0000009ae8700000) (1024K)]
  0x00000274f8fb02e0 JavaThread "jar transforms Thread 7"           [_thread_blocked, id=1564, stack(0x0000009ae8700000,0x0000009ae8800000) (1024K)]
  0x00000274f8faf5c0 JavaThread "jar transforms Thread 8"           [_thread_blocked, id=1740, stack(0x0000009ae8800000,0x0000009ae8900000) (1024K)]
  0x00000274f8fafc50 JavaThread "jar transforms Thread 9"           [_thread_blocked, id=13180, stack(0x0000009ae8900000,0x0000009ae8a00000) (1024K)]
  0x00000274f7659c80 JavaThread "jar transforms Thread 10"          [_thread_blocked, id=21608, stack(0x0000009ae8a00000,0x0000009ae8b00000) (1024K)]
  0x00000274f76595f0 JavaThread "jar transforms Thread 11"          [_thread_blocked, id=2080, stack(0x0000009ae8b00000,0x0000009ae8c00000) (1024K)]
  0x00000274f765a310 JavaThread "jar transforms Thread 12"          [_thread_blocked, id=18732, stack(0x0000009ae8c00000,0x0000009ae8d00000) (1024K)]
  0x00000274f765bd50 JavaThread "jar transforms Thread 13"          [_thread_blocked, id=23200, stack(0x0000009ae8d00000,0x0000009ae8e00000) (1024K)]
  0x00000274f765c3e0 JavaThread "jar transforms Thread 14"          [_thread_blocked, id=1432, stack(0x0000009ae8e00000,0x0000009ae8f00000) (1024K)]
  0x00000274f765de20 JavaThread "jar transforms Thread 15"          [_thread_blocked, id=24340, stack(0x0000009ae5d00000,0x0000009ae5e00000) (1024K)]
  0x00000274f765ca70 JavaThread "jar transforms Thread 16"          [_thread_blocked, id=3424, stack(0x0000009ae8f00000,0x0000009ae9000000) (1024K)]
  0x00000274f765d100 JavaThread "Exec process"                      [_thread_blocked, id=6732, stack(0x0000009ae9000000,0x0000009ae9100000) (1024K)]
  0x00000274f765d790 JavaThread "Exec process Thread 2"             [_thread_blocked, id=24472, stack(0x0000009ae9100000,0x0000009ae9200000) (1024K)]
  0x00000274f765e4b0 JavaThread "Exec process Thread 3"             [_thread_blocked, id=17188, stack(0x0000009ae9200000,0x0000009ae9300000) (1024K)]
  0x00000274f765b030 JavaThread "Cache worker for cache directory md-supplier (C:\Users\thera\.gradle\caches\8.14.3\md-supplier)"        [_thread_blocked, id=25528, stack(0x0000009ae9300000,0x0000009ae9400000) (1024K)]
  0x00000274f765eb40 JavaThread "Cache worker for cache directory md-rule (C:\Users\thera\.gradle\caches\8.14.3\md-rule)"        [_thread_blocked, id=11560, stack(0x0000009ae9400000,0x0000009ae9500000) (1024K)]
  0x00000274f765b6c0 JavaThread "Cache worker for Build Output Cleanup Cache (E:\7mails\mobile\node_modules\@react-native\gradle-plugin\.gradle\buildOutputCleanup)"        [_thread_blocked, id=19492, stack(0x0000009ae9500000,0x0000009ae9600000) (1024K)]
  0x00000274f7660c10 JavaThread "Unconstrained build operations"        [_thread_blocked, id=7780, stack(0x0000009ae9600000,0x0000009ae9700000) (1024K)]
  0x00000274f758bd90 JavaThread "Unconstrained build operations Thread 2"        [_thread_blocked, id=11424, stack(0x0000009ae9700000,0x0000009ae9800000) (1024K)]
  0x00000274f758c420 JavaThread "Unconstrained build operations Thread 3"        [_thread_blocked, id=24256, stack(0x0000009ae9800000,0x0000009ae9900000) (1024K)]
  0x00000274f758b070 JavaThread "Unconstrained build operations Thread 4"        [_thread_blocked, id=24168, stack(0x0000009ae9900000,0x0000009ae9a00000) (1024K)]
  0x00000274f758d140 JavaThread "Unconstrained build operations Thread 5"        [_thread_blocked, id=15436, stack(0x0000009ae9a00000,0x0000009ae9b00000) (1024K)]
  0x00000274f7589cc0 JavaThread "Unconstrained build operations Thread 6"        [_thread_blocked, id=24976, stack(0x0000009ae9b00000,0x0000009ae9c00000) (1024K)]
  0x00000274f758de60 JavaThread "Cache worker for Build Output Cleanup Cache (E:\7mails\mobile\node_modules\expo-modules-autolinking\android\expo-gradle-plugin\.gradle\buildOutputCleanup)"        [_thread_blocked, id=25560, stack(0x0000009ae9c00000,0x0000009ae9d00000) (1024K)]
  0x00000274f758a9e0 JavaThread "Unconstrained build operations Thread 7"        [_thread_blocked, id=20284, stack(0x0000009ae9d00000,0x0000009ae9e00000) (1024K)]
  0x00000274f75912e0 JavaThread "Unconstrained build operations Thread 8"        [_thread_blocked, id=15548, stack(0x0000009ae9e00000,0x0000009ae9f00000) (1024K)]
  0x00000274f7590c50 JavaThread "Unconstrained build operations Thread 9"        [_thread_blocked, id=14984, stack(0x0000009ae9f00000,0x0000009aea000000) (1024K)]
  0x00000274f758f210 JavaThread "Unconstrained build operations Thread 10"        [_thread_blocked, id=18160, stack(0x0000009aea000000,0x0000009aea100000) (1024K)]
  0x00000274f758e4f0 JavaThread "Unconstrained build operations Thread 11"        [_thread_blocked, id=12980, stack(0x0000009aea100000,0x0000009aea200000) (1024K)]
  0x00000274f758eb80 JavaThread "Unconstrained build operations Thread 12"        [_thread_blocked, id=8012, stack(0x0000009aea200000,0x0000009aea300000) (1024K)]
  0x00000274f758f8a0 JavaThread "Unconstrained build operations Thread 13"        [_thread_blocked, id=24780, stack(0x0000009aea300000,0x0000009aea400000) (1024K)]
  0x00000274f758ff30 JavaThread "Unconstrained build operations Thread 14"        [_thread_blocked, id=8564, stack(0x0000009aea400000,0x0000009aea500000) (1024K)]
  0x00000274f75905c0 JavaThread "Unconstrained build operations Thread 15"        [_thread_blocked, id=3352, stack(0x0000009aea500000,0x0000009aea600000) (1024K)]
  0x00000274f9c193e0 JavaThread "Unconstrained build operations Thread 16"        [_thread_blocked, id=8608, stack(0x0000009aea600000,0x0000009aea700000) (1024K)]
  0x00000274f9c1bb40 JavaThread "Unconstrained build operations Thread 17"        [_thread_blocked, id=23064, stack(0x0000009aea700000,0x0000009aea800000) (1024K)]
  0x00000274f9c1a790 JavaThread "Unconstrained build operations Thread 18"        [_thread_blocked, id=21444, stack(0x0000009aea800000,0x0000009aea900000) (1024K)]
  0x00000274f9c1c1d0 JavaThread "Unconstrained build operations Thread 19"        [_thread_blocked, id=19756, stack(0x0000009aea900000,0x0000009aeaa00000) (1024K)]
  0x00000274f9c1c860 JavaThread "Unconstrained build operations Thread 20"        [_thread_blocked, id=8736, stack(0x0000009aeaa00000,0x0000009aeab00000) (1024K)]
  0x00000274f9c1cef0 JavaThread "Unconstrained build operations Thread 21"        [_thread_blocked, id=25100, stack(0x0000009aeab00000,0x0000009aeac00000) (1024K)]
  0x00000274f9c1ae20 JavaThread "Unconstrained build operations Thread 22"        [_thread_blocked, id=7552, stack(0x0000009aeac00000,0x0000009aead00000) (1024K)]
  0x00000274f9c1b4b0 JavaThread "Unconstrained build operations Thread 23"        [_thread_blocked, id=1992, stack(0x0000009aead00000,0x0000009aeae00000) (1024K)]
  0x00000274f9c19a70 JavaThread "Unconstrained build operations Thread 24"        [_thread_blocked, id=21308, stack(0x0000009aeae00000,0x0000009aeaf00000) (1024K)]
  0x00000274f9c1d580 JavaThread "Unconstrained build operations Thread 25"        [_thread_blocked, id=22952, stack(0x0000009aeaf00000,0x0000009aeb000000) (1024K)]
  0x00000274f9c1a100 JavaThread "Unconstrained build operations Thread 26"        [_thread_blocked, id=20912, stack(0x0000009aeb000000,0x0000009aeb100000) (1024K)]
  0x00000274f9c1dc10 JavaThread "Unconstrained build operations Thread 27"        [_thread_blocked, id=19604, stack(0x0000009aeb100000,0x0000009aeb200000) (1024K)]
  0x00000274f9c20a00 JavaThread "Unconstrained build operations Thread 28"        [_thread_blocked, id=2200, stack(0x0000009aeb200000,0x0000009aeb300000) (1024K)]
  0x00000274f9c20370 JavaThread "Unconstrained build operations Thread 29"        [_thread_blocked, id=15504, stack(0x0000009aeb300000,0x0000009aeb400000) (1024K)]
  0x00000274f9c1e2a0 JavaThread "Unconstrained build operations Thread 30"        [_thread_blocked, id=24276, stack(0x0000009aeb400000,0x0000009aeb500000) (1024K)]
  0x00000274f9c1e930 JavaThread "Unconstrained build operations Thread 31"        [_thread_blocked, id=25440, stack(0x0000009aeb500000,0x0000009aeb600000) (1024K)]
  0x00000274f9c1efc0 JavaThread "Unconstrained build operations Thread 32"        [_thread_blocked, id=10580, stack(0x0000009aeb600000,0x0000009aeb700000) (1024K)]
  0x00000274f9c1f650 JavaThread "Unconstrained build operations Thread 33"        [_thread_blocked, id=24260, stack(0x0000009aeb700000,0x0000009aeb800000) (1024K)]
  0x00000274f9c1fce0 JavaThread "Unconstrained build operations Thread 34"        [_thread_blocked, id=2380, stack(0x0000009aeb800000,0x0000009aeb900000) (1024K)]
  0x00000274f75b4a80 JavaThread "Unconstrained build operations Thread 35"        [_thread_blocked, id=3860, stack(0x0000009aeb900000,0x0000009aeba00000) (1024K)]
  0x00000274f75b43f0 JavaThread "Unconstrained build operations Thread 36"        [_thread_blocked, id=17744, stack(0x0000009aeba00000,0x0000009aebb00000) (1024K)]
  0x00000274f75b29b0 JavaThread "Unconstrained build operations Thread 37"        [_thread_blocked, id=13192, stack(0x0000009aebb00000,0x0000009aebc00000) (1024K)]
  0x00000274f75b3040 JavaThread "Unconstrained build operations Thread 38"        [_thread_blocked, id=25400, stack(0x0000009aebc00000,0x0000009aebd00000) (1024K)]
  0x00000274f75b5110 JavaThread "Unconstrained build operations Thread 39"        [_thread_blocked, id=20756, stack(0x0000009aebd00000,0x0000009aebe00000) (1024K)]
  0x00000274f75b1c90 JavaThread "Unconstrained build operations Thread 40"        [_thread_blocked, id=19640, stack(0x0000009aebe00000,0x0000009aebf00000) (1024K)]
  0x00000274f75b36d0 JavaThread "Unconstrained build operations Thread 41"        [_thread_blocked, id=7900, stack(0x0000009aebf00000,0x0000009aec000000) (1024K)]
  0x00000274f75b57a0 JavaThread "Unconstrained build operations Thread 42"        [_thread_blocked, id=24792, stack(0x0000009aec000000,0x0000009aec100000) (1024K)]
  0x00000274f75b2320 JavaThread "Unconstrained build operations Thread 43"        [_thread_blocked, id=22996, stack(0x0000009aec100000,0x0000009aec200000) (1024K)]
  0x00000274f75b5e30 JavaThread "Unconstrained build operations Thread 44"        [_thread_blocked, id=25116, stack(0x0000009aec200000,0x0000009aec300000) (1024K)]
  0x00000274f75b71e0 JavaThread "Unconstrained build operations Thread 45"        [_thread_blocked, id=13936, stack(0x0000009aec300000,0x0000009aec400000) (1024K)]
  0x00000274f75b6b50 JavaThread "Unconstrained build operations Thread 46"        [_thread_blocked, id=10256, stack(0x0000009aec400000,0x0000009aec500000) (1024K)]
  0x00000274f75b3d60 JavaThread "Unconstrained build operations Thread 47"        [_thread_blocked, id=10024, stack(0x0000009aec500000,0x0000009aec600000) (1024K)]
  0x00000274f75b7870 JavaThread "Unconstrained build operations Thread 48"        [_thread_blocked, id=18816, stack(0x0000009aec600000,0x0000009aec700000) (1024K)]
  0x00000274f75b92b0 JavaThread "Unconstrained build operations Thread 49"        [_thread_blocked, id=24012, stack(0x0000009aec700000,0x0000009aec800000) (1024K)]
  0x00000274f75b7f00 JavaThread "Unconstrained build operations Thread 50"        [_thread_blocked, id=13780, stack(0x0000009aec800000,0x0000009aec900000) (1024K)]
  0x00000274f75b8590 JavaThread "Unconstrained build operations Thread 51"        [_thread_blocked, id=22480, stack(0x0000009aec900000,0x0000009aeca00000) (1024K)]
  0x00000274f71926e0 JavaThread "build event listener"              [_thread_blocked, id=25188, stack(0x0000009aecb00000,0x0000009aecc00000) (1024K)]
  0x00000274f7194120 JavaThread "Memory manager"                    [_thread_blocked, id=12972, stack(0x0000009aeca00000,0x0000009aecb00000) (1024K)]
  0x00000274f71919c0 JavaThread "Unconstrained build operations Thread 52"        [_thread_blocked, id=13028, stack(0x0000009aecc00000,0x0000009aecd00000) (1024K)]
  0x00000274f7193a90 JavaThread "Unconstrained build operations Thread 53"        [_thread_blocked, id=12240, stack(0x0000009aecd00000,0x0000009aece00000) (1024K)]
  0x00000274f8fb1690 JavaThread "Unconstrained build operations Thread 54"        [_thread_blocked, id=17784, stack(0x0000009aece00000,0x0000009aecf00000) (1024K)]
  0x00000274f8fae8a0 JavaThread "Unconstrained build operations Thread 55"        [_thread_blocked, id=25172, stack(0x0000009aecf00000,0x0000009aed000000) (1024K)]
  0x00000274fa7e1120 JavaThread "Unconstrained build operations Thread 56"        [_thread_blocked, id=20152, stack(0x0000009aed000000,0x0000009aed100000) (1024K)]
  0x00000274fa7e2b60 JavaThread "Unconstrained build operations Thread 57"        [_thread_blocked, id=24580, stack(0x0000009aed100000,0x0000009aed200000) (1024K)]
  0x00000274fa7e0400 JavaThread "Unconstrained build operations Thread 58"        [_thread_blocked, id=24648, stack(0x0000009aed200000,0x0000009aed300000) (1024K)]
  0x00000274fa7e3f10 JavaThread "Unconstrained build operations Thread 59"        [_thread_blocked, id=14952, stack(0x0000009aed300000,0x0000009aed400000) (1024K)]
  0x00000274fa7e0a90 JavaThread "Unconstrained build operations Thread 60"        [_thread_blocked, id=8324, stack(0x0000009aed400000,0x0000009aed500000) (1024K)]
  0x00000274fa7e31f0 JavaThread "Unconstrained build operations Thread 61"        [_thread_blocked, id=16100, stack(0x0000009aed500000,0x0000009aed600000) (1024K)]
  0x00000274fa7e1e40 JavaThread "Unconstrained build operations Thread 62"        [_thread_blocked, id=2804, stack(0x0000009aed600000,0x0000009aed700000) (1024K)]
  0x00000274fa7e45a0 JavaThread "Unconstrained build operations Thread 63"        [_thread_blocked, id=3408, stack(0x0000009aed700000,0x0000009aed800000) (1024K)]
  0x00000274fa7e4c30 JavaThread "Unconstrained build operations Thread 64"        [_thread_blocked, id=6020, stack(0x0000009aed800000,0x0000009aed900000) (1024K)]
  0x00000274fa7e24d0 JavaThread "Unconstrained build operations Thread 65"        [_thread_blocked, id=5792, stack(0x0000009aed900000,0x0000009aeda00000) (1024K)]
  0x00000274fa7e17b0 JavaThread "Unconstrained build operations Thread 66"        [_thread_blocked, id=24692, stack(0x0000009aeda00000,0x0000009aedb00000) (1024K)]
  0x00000274fa7e3880 JavaThread "build event listener"              [_thread_blocked, id=2984, stack(0x0000009aedb00000,0x0000009aedc00000) (1024K)]
  0x00000274f991a160 JavaThread "Unconstrained build operations Thread 67"        [_thread_blocked, id=15556, stack(0x0000009aedc00000,0x0000009aedd00000) (1024K)]
  0x00000274f991cf50 JavaThread "Unconstrained build operations Thread 68"        [_thread_blocked, id=24928, stack(0x0000009aedd00000,0x0000009aede00000) (1024K)]
  0x00000274f991a7f0 JavaThread "Unconstrained build operations Thread 69"        [_thread_blocked, id=25580, stack(0x0000009aede00000,0x0000009aedf00000) (1024K)]
  0x00000274f991c230 JavaThread "Unconstrained build operations Thread 70"        [_thread_blocked, id=16096, stack(0x0000009aedf00000,0x0000009aee000000) (1024K)]
  0x00000274f991d5e0 JavaThread "Unconstrained build operations Thread 71"        [_thread_blocked, id=9800, stack(0x0000009aee000000,0x0000009aee100000) (1024K)]
  0x00000274f991c8c0 JavaThread "Unconstrained build operations Thread 72"        [_thread_blocked, id=23132, stack(0x0000009aee100000,0x0000009aee200000) (1024K)]
  0x00000274f991bba0 JavaThread "Unconstrained build operations Thread 73"        [_thread_blocked, id=6600, stack(0x0000009aee200000,0x0000009aee300000) (1024K)]
  0x00000274f991b510 JavaThread "Unconstrained build operations Thread 74"        [_thread_blocked, id=22120, stack(0x0000009aee300000,0x0000009aee400000) (1024K)]
  0x00000274fa7e5fe0 JavaThread "Unconstrained build operations Thread 75"        [_thread_blocked, id=9332, stack(0x0000009aee400000,0x0000009aee500000) (1024K)]
  0x00000274fa7e6670 JavaThread "Unconstrained build operations Thread 76"        [_thread_blocked, id=20028, stack(0x0000009aee500000,0x0000009aee600000) (1024K)]
  0x00000274fa7e6d00 JavaThread "Unconstrained build operations Thread 77"        [_thread_blocked, id=6980, stack(0x0000009aee600000,0x0000009aee700000) (1024K)]
  0x00000274fa7e7390 JavaThread "Unconstrained build operations Thread 78"        [_thread_blocked, id=9564, stack(0x0000009aee700000,0x0000009aee800000) (1024K)]
  0x00000274fa7e7a20 JavaThread "Unconstrained build operations Thread 79"        [_thread_blocked, id=14468, stack(0x0000009aee800000,0x0000009aee900000) (1024K)]
  0x00000274fac01f80 JavaThread "Unconstrained build operations Thread 80"        [_thread_blocked, id=17860, stack(0x0000009aee900000,0x0000009aeea00000) (1024K)]
  0x00000274fabffeb0 JavaThread "Unconstrained build operations Thread 81"        [_thread_blocked, id=5956, stack(0x0000009aeea00000,0x0000009aeeb00000) (1024K)]
  0x00000274fac01260 JavaThread "Unconstrained build operations Thread 82"        [_thread_blocked, id=21420, stack(0x0000009aeeb00000,0x0000009aeec00000) (1024K)]
  0x00000274fabff820 JavaThread "Unconstrained build operations Thread 83"        [_thread_blocked, id=21436, stack(0x0000009aeec00000,0x0000009aeed00000) (1024K)]
  0x00000274fabff190 JavaThread "Unconstrained build operations Thread 84"        [_thread_blocked, id=22820, stack(0x0000009aeed00000,0x0000009aeee00000) (1024K)]
  0x00000274fac00540 JavaThread "Unconstrained build operations Thread 85"        [_thread_blocked, id=13972, stack(0x0000009aeee00000,0x0000009aeef00000) (1024K)]
  0x00000274fac039c0 JavaThread "Unconstrained build operations Thread 86"        [_thread_blocked, id=24476, stack(0x0000009aeef00000,0x0000009aef000000) (1024K)]
  0x00000274fac02610 JavaThread "Unconstrained build operations Thread 87"        [_thread_blocked, id=18440, stack(0x0000009aef000000,0x0000009aef100000) (1024K)]
  0x00000274fac00bd0 JavaThread "Unconstrained build operations Thread 88"        [_thread_blocked, id=5572, stack(0x0000009aef100000,0x0000009aef200000) (1024K)]
  0x00000274fac018f0 JavaThread "Unconstrained build operations Thread 89"        [_thread_blocked, id=20060, stack(0x0000009aef200000,0x0000009aef300000) (1024K)]
  0x00000274fac04050 JavaThread "Unconstrained build operations Thread 90"        [_thread_blocked, id=15252, stack(0x0000009aef300000,0x0000009aef400000) (1024K)]
  0x00000274fac03330 JavaThread "ForkJoinPool.commonPool-worker-1" daemon [_thread_blocked, id=10336, stack(0x0000009aef400000,0x0000009aef500000) (1024K)]
  0x00000274fac06120 JavaThread "ForkJoinPool.commonPool-worker-2" daemon [_thread_blocked, id=12140, stack(0x0000009aef500000,0x0000009aef600000) (1024K)]
  0x00000274fac05400 JavaThread "ForkJoinPool.commonPool-worker-3" daemon [_thread_blocked, id=25080, stack(0x0000009aef600000,0x0000009aef700000) (1024K)]
  0x00000274fac046e0 JavaThread "ForkJoinPool.commonPool-worker-4" daemon [_thread_blocked, id=9448, stack(0x0000009aef700000,0x0000009aef800000) (1024K)]
  0x00000274fac04d70 JavaThread "ForkJoinPool.commonPool-worker-6" daemon [_thread_blocked, id=9836, stack(0x0000009aef800000,0x0000009aef900000) (1024K)]
  0x00000274fac05a90 JavaThread "ForkJoinPool.commonPool-worker-7" daemon [_thread_blocked, id=25000, stack(0x0000009aef900000,0x0000009aefa00000) (1024K)]
  0x00000274fac067b0 JavaThread "ForkJoinPool.commonPool-worker-5" daemon [_thread_blocked, id=12924, stack(0x0000009aefa00000,0x0000009aefb00000) (1024K)]
  0x00000274fa1d74e0 JavaThread "ForkJoinPool.commonPool-worker-8" daemon [_thread_blocked, id=4560, stack(0x0000009aefb00000,0x0000009aefc00000) (1024K)]
  0x00000274fa1d6130 JavaThread "ForkJoinPool.commonPool-worker-9" daemon [_thread_blocked, id=19348, stack(0x0000009aefc00000,0x0000009aefd00000) (1024K)]
  0x00000274fa1d4060 JavaThread "ForkJoinPool.commonPool-worker-10" daemon [_thread_blocked, id=25460, stack(0x0000009aefd00000,0x0000009aefe00000) (1024K)]
  0x00000274fa1d7b70 JavaThread "Exec process"                      [_thread_blocked, id=20704, stack(0x0000009aefe00000,0x0000009aeff00000) (1024K)]
  0x00000274fa1d46f0 JavaThread "Exec process Thread 2"             [_thread_blocked, id=13348, stack(0x0000009aeff00000,0x0000009af0000000) (1024K)]
  0x00000274fa1d67c0 JavaThread "Exec process Thread 3"             [_thread_blocked, id=18624, stack(0x0000009af0000000,0x0000009af0100000) (1024K)]
  0x00000274fa1d5410 JavaThread "included builds"                   [_thread_blocked, id=8108, stack(0x0000009ae5b00000,0x0000009ae5c00000) (1024K)]
  0x00000274fa1d6e50 JavaThread "included builds Thread 2"          [_thread_blocked, id=12300, stack(0x0000009ae5c00000,0x0000009ae5d00000) (1024K)]
  0x00000274fa1d8200 JavaThread "Execution worker"                  [_thread_blocked, id=3628, stack(0x0000009ae6500000,0x0000009ae6600000) (1024K)]
  0x00000274fa1d5aa0 JavaThread "Execution worker Thread 2"         [_thread_blocked, id=17668, stack(0x0000009af0200000,0x0000009af0300000) (1024K)]
  0x00000274fa1d4d80 JavaThread "Execution worker Thread 3"         [_thread_blocked, id=23416, stack(0x0000009af0300000,0x0000009af0400000) (1024K)]
  0x00000274fa1da960 JavaThread "Execution worker Thread 4"         [_thread_blocked, id=512, stack(0x0000009af0400000,0x0000009af0500000) (1024K)]
  0x00000274fa1d95b0 JavaThread "Execution worker Thread 5"         [_thread_blocked, id=3688, stack(0x0000009af0500000,0x0000009af0600000) (1024K)]
  0x00000274fa1d9c40 JavaThread "Execution worker Thread 6"         [_thread_blocked, id=25156, stack(0x0000009af0600000,0x0000009af0700000) (1024K)]
  0x00000274fa1da2d0 JavaThread "Execution worker Thread 7"         [_thread_blocked, id=14240, stack(0x0000009af0700000,0x0000009af0800000) (1024K)]
  0x00000274fa1daff0 JavaThread "Execution worker Thread 8"         [_thread_blocked, id=10796, stack(0x0000009af0800000,0x0000009af0900000) (1024K)]
  0x00000274fa1db680 JavaThread "Execution worker Thread 9"         [_thread_blocked, id=3012, stack(0x0000009af0900000,0x0000009af0a00000) (1024K)]
  0x00000274f7a78120 JavaThread "Execution worker Thread 10"        [_thread_blocked, id=11508, stack(0x0000009af0a00000,0x0000009af0b00000) (1024K)]
  0x00000274f7a77400 JavaThread "Execution worker Thread 11"        [_thread_blocked, id=16228, stack(0x0000009af0b00000,0x0000009af0c00000) (1024K)]
  0x00000274f7a77a90 JavaThread "Execution worker Thread 12"        [_thread_blocked, id=12596, stack(0x0000009af0c00000,0x0000009af0d00000) (1024K)]
  0x00000274f7a766e0 JavaThread "Execution worker Thread 13"        [_thread_blocked, id=8352, stack(0x0000009af0d00000,0x0000009af0e00000) (1024K)]
  0x00000274f7a74ca0 JavaThread "Execution worker Thread 14"        [_thread_blocked, id=19028, stack(0x0000009af0e00000,0x0000009af0f00000) (1024K)]
  0x00000274f7a787b0 JavaThread "Execution worker Thread 15"        [_thread_blocked, id=18080, stack(0x0000009af0f00000,0x0000009af1000000) (1024K)]
  0x00000274f7a76050 JavaThread "Cache worker for execution history cache (E:\7mails\mobile\node_modules\@react-native\gradle-plugin\.gradle\8.14.3\executionHistory)"        [_thread_blocked, id=16656, stack(0x0000009af1000000,0x0000009af1100000) (1024K)]
  0x00000274f7a75330 JavaThread "Cache worker for execution history cache (E:\7mails\mobile\node_modules\expo-modules-autolinking\android\expo-gradle-plugin\.gradle\8.14.3\executionHistory)"        [_thread_blocked, id=10768, stack(0x0000009af1100000,0x0000009af1200000) (1024K)]
  0x00000274f7a759c0 JavaThread "Unconstrained build operations Thread 91"        [_thread_blocked, id=25488, stack(0x0000009af1200000,0x0000009af1300000) (1024K)]
  0x00000274f7a7a1f0 JavaThread "Unconstrained build operations Thread 92"        [_thread_blocked, id=20636, stack(0x0000009af1300000,0x0000009af1400000) (1024K)]
  0x00000274f7a79b60 JavaThread "Unconstrained build operations Thread 93"        [_thread_blocked, id=18768, stack(0x0000009af1400000,0x0000009af1500000) (1024K)]
  0x00000274f7a794d0 JavaThread "Unconstrained build operations Thread 94"        [_thread_blocked, id=8484, stack(0x0000009af1500000,0x0000009af1600000) (1024K)]
  0x00000274f7a76d70 JavaThread "Unconstrained build operations Thread 95"        [_thread_blocked, id=15280, stack(0x0000009af1600000,0x0000009af1700000) (1024K)]
  0x00000274f7a7bc30 JavaThread "Unconstrained build operations Thread 96"        [_thread_blocked, id=15228, stack(0x0000009af1700000,0x0000009af1800000) (1024K)]
  0x00000274f7a7b5a0 JavaThread "Unconstrained build operations Thread 97"        [_thread_blocked, id=18184, stack(0x0000009af1800000,0x0000009af1900000) (1024K)]
  0x00000274f7a7c2c0 JavaThread "Unconstrained build operations Thread 98"        [_thread_blocked, id=14872, stack(0x0000009af1900000,0x0000009af1a00000) (1024K)]
  0x00000274f7a7af10 JavaThread "Unconstrained build operations Thread 99"        [_thread_blocked, id=9636, stack(0x0000009af1a00000,0x0000009af1b00000) (1024K)]
  0x00000274f7a7c950 JavaThread "Unconstrained build operations Thread 100"        [_thread_blocked, id=11888, stack(0x0000009af1b00000,0x0000009af1c00000) (1024K)]
  0x00000274f7a7cfe0 JavaThread "Unconstrained build operations Thread 101"        [_thread_blocked, id=18508, stack(0x0000009af1c00000,0x0000009af1d00000) (1024K)]
  0x00000274f7a7d670 JavaThread "Unconstrained build operations Thread 102"        [_thread_blocked, id=14740, stack(0x0000009af1d00000,0x0000009af1e00000) (1024K)]
  0x00000274f7a7dd00 JavaThread "Unconstrained build operations Thread 103"        [_thread_blocked, id=25276, stack(0x0000009af1e00000,0x0000009af1f00000) (1024K)]
  0x00000274f7a7a880 JavaThread "Unconstrained build operations Thread 104"        [_thread_blocked, id=17480, stack(0x0000009af1f00000,0x0000009af2000000) (1024K)]
  0x00000274f7a7ea20 JavaThread "Unconstrained build operations Thread 105"        [_thread_blocked, id=25412, stack(0x0000009af2000000,0x0000009af2100000) (1024K)]
  0x00000274f7a7f740 JavaThread "Unconstrained build operations Thread 106"        [_thread_blocked, id=23676, stack(0x0000009af2100000,0x0000009af2200000) (1024K)]
  0x00000274f7a81180 JavaThread "Unconstrained build operations Thread 107"        [_thread_blocked, id=8500, stack(0x0000009af2200000,0x0000009af2300000) (1024K)]
  0x00000274f7a7e390 JavaThread "Unconstrained build operations Thread 108"        [_thread_blocked, id=9548, stack(0x0000009af2300000,0x0000009af2400000) (1024K)]
  0x00000274f7a7f0b0 JavaThread "Unconstrained build operations Thread 109"        [_thread_blocked, id=6652, stack(0x0000009af2400000,0x0000009af2500000) (1024K)]
  0x00000274f7a82bc0 JavaThread "Unconstrained build operations Thread 110"        [_thread_blocked, id=24608, stack(0x0000009af2500000,0x0000009af2600000) (1024K)]
  0x00000274f7a81ea0 JavaThread "Unconstrained build operations Thread 111"        [_thread_blocked, id=20852, stack(0x0000009af2600000,0x0000009af2700000) (1024K)]
  0x00000274f7a82530 JavaThread "Unconstrained build operations Thread 112"        [_thread_blocked, id=23216, stack(0x0000009af2700000,0x0000009af2800000) (1024K)]
  0x00000274f7a83250 JavaThread "Unconstrained build operations Thread 113"        [_thread_blocked, id=17712, stack(0x0000009af2800000,0x0000009af2900000) (1024K)]
  0x00000274f7a7fdd0 JavaThread "Unconstrained build operations Thread 114"        [_thread_blocked, id=21892, stack(0x0000009af2900000,0x0000009af2a00000) (1024K)]
  0x00000274f7a80460 JavaThread "Unconstrained build operations Thread 115"        [_thread_blocked, id=13008, stack(0x0000009af2a00000,0x0000009af2b00000) (1024K)]
  0x00000274f7a838e0 JavaThread "Unconstrained build operations Thread 116"        [_thread_blocked, id=16260, stack(0x0000009af2b00000,0x0000009af2c00000) (1024K)]
  0x00000274f7a83f70 JavaThread "Unconstrained build operations Thread 117"        [_thread_blocked, id=6632, stack(0x0000009af2c00000,0x0000009af2d00000) (1024K)]
  0x00000274f9411360 JavaThread "Unconstrained build operations Thread 118"        [_thread_blocked, id=7548, stack(0x0000009af2d00000,0x0000009af2e00000) (1024K)]
  0x00000274f9412080 JavaThread "Unconstrained build operations Thread 119"        [_thread_blocked, id=15540, stack(0x0000009af2e00000,0x0000009af2f00000) (1024K)]
  0x00000274f940f290 JavaThread "Unconstrained build operations Thread 120"        [_thread_blocked, id=16772, stack(0x0000009af2f00000,0x0000009af3000000) (1024K)]
  0x00000274f9410640 JavaThread "Unconstrained build operations Thread 121"        [_thread_blocked, id=25604, stack(0x0000009af3000000,0x0000009af3100000) (1024K)]
  0x00000274f940f920 JavaThread "Unconstrained build operations Thread 122"        [_thread_blocked, id=25608, stack(0x0000009af3100000,0x0000009af3200000) (1024K)]
  0x00000274f94119f0 JavaThread "Unconstrained build operations Thread 123"        [_thread_blocked, id=25612, stack(0x0000009af3200000,0x0000009af3300000) (1024K)]
  0x00000274f9410cd0 JavaThread "Unconstrained build operations Thread 124"        [_thread_blocked, id=25616, stack(0x0000009af3300000,0x0000009af3400000) (1024K)]
  0x00000274f940ec00 JavaThread "Unconstrained build operations Thread 125"        [_thread_blocked, id=25620, stack(0x0000009af3400000,0x0000009af3500000) (1024K)]
  0x00000274f9412710 JavaThread "Unconstrained build operations Thread 126"        [_thread_blocked, id=25624, stack(0x0000009af3500000,0x0000009af3600000) (1024K)]
  0x00000274f9412da0 JavaThread "Unconstrained build operations Thread 127"        [_thread_blocked, id=25628, stack(0x0000009af3600000,0x0000009af3700000) (1024K)]
  0x00000274f9416220 JavaThread "WorkerExecutor Queue"              [_thread_blocked, id=25640, stack(0x0000009af3700000,0x0000009af3800000) (1024K)]
  0x00000274f9414e70 JavaThread "Unconstrained build operations Thread 128"        [_thread_blocked, id=25644, stack(0x0000009af3800000,0x0000009af3900000) (1024K)]
  0x00000274f94168b0 JavaThread "Unconstrained build operations Thread 129"        [_thread_blocked, id=25652, stack(0x0000009af3900000,0x0000009af3a00000) (1024K)]
  0x00000274f94147e0 JavaThread "Unconstrained build operations Thread 130"        [_thread_blocked, id=25656, stack(0x0000009af3a00000,0x0000009af3b00000) (1024K)]
  0x00000274f9416f40 JavaThread "Unconstrained build operations Thread 131"        [_thread_blocked, id=25660, stack(0x0000009af3b00000,0x0000009af3c00000) (1024K)]
  0x00000274f9415b90 JavaThread "Unconstrained build operations Thread 132"        [_thread_blocked, id=25664, stack(0x0000009af3c00000,0x0000009af3d00000) (1024K)]
  0x00000274f9413ac0 JavaThread "Unconstrained build operations Thread 133"        [_thread_blocked, id=25668, stack(0x0000009af3d00000,0x0000009af3e00000) (1024K)]
  0x00000274f94175d0 JavaThread "Unconstrained build operations Thread 134"        [_thread_blocked, id=25672, stack(0x0000009af3e00000,0x0000009af3f00000) (1024K)]
  0x00000274f9414150 JavaThread "Unconstrained build operations Thread 135"        [_thread_blocked, id=25676, stack(0x0000009af3f00000,0x0000009af4000000) (1024K)]
  0x00000274f9417c60 JavaThread "Unconstrained build operations Thread 136"        [_thread_blocked, id=25680, stack(0x0000009af4000000,0x0000009af4100000) (1024K)]
  0x00000274f94182f0 JavaThread "Unconstrained build operations Thread 137"        [_thread_blocked, id=25684, stack(0x0000009af4100000,0x0000009af4200000) (1024K)]
  0x00000274f9418980 JavaThread "Unconstrained build operations Thread 138"        [_thread_blocked, id=25688, stack(0x0000009af4200000,0x0000009af4300000) (1024K)]
  0x00000274f9415500 JavaThread "Unconstrained build operations Thread 139"        [_thread_blocked, id=25692, stack(0x0000009af4300000,0x0000009af4400000) (1024K)]
  0x00000274f941c490 JavaThread "Unconstrained build operations Thread 140"        [_thread_blocked, id=25696, stack(0x0000009af4400000,0x0000009af4500000) (1024K)]
  0x00000274f941b770 JavaThread "Unconstrained build operations Thread 141"        [_thread_blocked, id=25700, stack(0x0000009af4500000,0x0000009af4600000) (1024K)]
  0x00000274f941aa50 JavaThread "Unconstrained build operations Thread 142"        [_thread_blocked, id=25704, stack(0x0000009af4800000,0x0000009af4900000) (1024K)]
  0x00000274f941a3c0 JavaThread "Unconstrained build operations Thread 143"        [_thread_blocked, id=25708, stack(0x0000009af4900000,0x0000009af4a00000) (1024K)]
  0x00000274f9419d30 JavaThread "RMI Scheduler(0)"           daemon [_thread_blocked, id=25712, stack(0x0000009af4a00000,0x0000009af4b00000) (1024K)]
  0x00000274f941be00 JavaThread "RMI GC Daemon"              daemon [_thread_blocked, id=25720, stack(0x0000009af4c00000,0x0000009af4d00000) (1024K)]
  0x00000274f9419010 JavaThread "RMI TCP Accept-0"           daemon [_thread_in_native, id=25728, stack(0x0000009af4d00000,0x0000009af4e00000) (1024K)]
  0x00000274f941cb20 JavaThread "RMI Reaper"                        [_thread_blocked, id=25732, stack(0x0000009af4e00000,0x0000009af4f00000) (1024K)]
  0x00000274f94196a0 JavaThread "RMI TCP Connection(idle)"   daemon [_thread_blocked, id=25740, stack(0x0000009af4f00000,0x0000009af5000000) (1024K)]
  0x00000274fae71940 JavaThread "Unconstrained build operations Thread 144"        [_thread_blocked, id=26344, stack(0x0000009af5200000,0x0000009af5300000) (1024K)]
  0x00000274fae6f870 JavaThread "Unconstrained build operations Thread 145"        [_thread_blocked, id=26348, stack(0x0000009af5300000,0x0000009af5400000) (1024K)]
  0x00000274fae6ff00 JavaThread "Unconstrained build operations Thread 146"        [_thread_blocked, id=26352, stack(0x0000009af5400000,0x0000009af5500000) (1024K)]
  0x00000274fae712b0 JavaThread "Unconstrained build operations Thread 147"        [_thread_blocked, id=26356, stack(0x0000009af5500000,0x0000009af5600000) (1024K)]
  0x00000274fae70590 JavaThread "Unconstrained build operations Thread 148"        [_thread_blocked, id=26360, stack(0x0000009af5600000,0x0000009af5700000) (1024K)]
  0x00000274fae71fd0 JavaThread "Unconstrained build operations Thread 149"        [_thread_blocked, id=26364, stack(0x0000009af5700000,0x0000009af5800000) (1024K)]
  0x00000274fae72660 JavaThread "Unconstrained build operations Thread 150"        [_thread_blocked, id=26368, stack(0x0000009af5800000,0x0000009af5900000) (1024K)]
  0x00000274fae6f1e0 JavaThread "Unconstrained build operations Thread 151"        [_thread_blocked, id=26372, stack(0x0000009af5900000,0x0000009af5a00000) (1024K)]
  0x00000274fa0c42c0 JavaThread "Unconstrained build operations Thread 152"        [_thread_blocked, id=26376, stack(0x0000009af5a00000,0x0000009af5b00000) (1024K)]
  0x00000274fa0c2880 JavaThread "Unconstrained build operations Thread 153"        [_thread_blocked, id=26380, stack(0x0000009af5b00000,0x0000009af5c00000) (1024K)]
  0x00000274fa0c4950 JavaThread "Unconstrained build operations Thread 154"        [_thread_blocked, id=26388, stack(0x0000009af5d00000,0x0000009af5e00000) (1024K)]
  0x00000274fa0c4fe0 JavaThread "Unconstrained build operations Thread 155"        [_thread_blocked, id=26392, stack(0x0000009af5e00000,0x0000009af5f00000) (1024K)]
  0x00000274fa0c21f0 JavaThread "Unconstrained build operations Thread 156"        [_thread_blocked, id=26396, stack(0x0000009af5f00000,0x0000009af6000000) (1024K)]
  0x00000274fa0c2f10 JavaThread "Unconstrained build operations Thread 157"        [_thread_blocked, id=26400, stack(0x0000009af6000000,0x0000009af6100000) (1024K)]
  0x00000274fa0c35a0 JavaThread "Unconstrained build operations Thread 158"        [_thread_blocked, id=26404, stack(0x0000009af6100000,0x0000009af6200000) (1024K)]
  0x00000274fa0c1b60 JavaThread "Unconstrained build operations Thread 159"        [_thread_blocked, id=26408, stack(0x0000009af6200000,0x0000009af6300000) (1024K)]
  0x00000274fa0c5d00 JavaThread "Unconstrained build operations Thread 160"        [_thread_blocked, id=26412, stack(0x0000009af6300000,0x0000009af6400000) (1024K)]
  0x00000274fa0c5670 JavaThread "WorkerExecutor Queue Thread 2"        [_thread_blocked, id=26432, stack(0x0000009af4b00000,0x0000009af4c00000) (1024K)]
  0x00000274fa0c6a20 JavaThread "RMI TCP Connection(idle)"   daemon [_thread_blocked, id=26448, stack(0x0000009af6400000,0x0000009af6500000) (1024K)]
  0x00000274fa0c8460 JavaThread "Cache worker for Build Output Cleanup Cache (E:\7mails\mobile\node_modules\expo-dev-launcher\expo-dev-launcher-gradle-plugin\.gradle\buildOutputCleanup)"        [_thread_blocked, id=25088, stack(0x0000009ae4800000,0x0000009ae4900000) (1024K)]
  0x00000274fa0c8af0 JavaThread "Cache worker for Build Output Cleanup Cache (E:\7mails\mobile\node_modules\expo-modules-core\expo-module-gradle-plugin\.gradle\buildOutputCleanup)"        [_thread_blocked, id=20904, stack(0x0000009ae4900000,0x0000009ae4a00000) (1024K)]
  0x00000274f7bb6ee0 JavaThread "build event listener"              [_thread_blocked, id=25904, stack(0x0000009af6500000,0x0000009af6600000) (1024K)]
  0x00000274f7bbb080 JavaThread "Kotlin DSL Writer"                 [_thread_blocked, id=21768, stack(0x0000009af6600000,0x0000009af6700000) (1024K)]
  0x00000274fa27a020 JavaThread "C1 CompilerThread1"         daemon [_thread_blocked, id=26540, stack(0x0000009ae4700000,0x0000009ae4800000) (1024K)]
  0x00000274fa277070 JavaThread "C1 CompilerThread2"         daemon [_thread_blocked, id=25772, stack(0x0000009af5c00000,0x0000009af5d00000) (1024K)]
  0x000002748d71b4d0 JavaThread "build event listener"              [_thread_blocked, id=26532, stack(0x0000009af6700000,0x0000009af6800000) (1024K)]
  0x000002748d723180 JavaThread "included builds Thread 3"          [_thread_blocked, id=2328, stack(0x0000009af6800000,0x0000009af6900000) (1024K)]
  0x000002748d71fd00 JavaThread "included builds Thread 4"          [_thread_blocked, id=4344, stack(0x0000009af6900000,0x0000009af6a00000) (1024K)]
  0x000002748d723ea0 JavaThread "Cache worker for execution history cache (E:\7mails\mobile\node_modules\expo-dev-launcher\expo-dev-launcher-gradle-plugin\.gradle\8.14.3\executionHistory)"        [_thread_blocked, id=21780, stack(0x0000009af6a00000,0x0000009af6b00000) (1024K)]
  0x000002748d726c90 JavaThread "Cache worker for execution history cache (E:\7mails\mobile\node_modules\expo-modules-core\expo-module-gradle-plugin\.gradle\8.14.3\executionHistory)"        [_thread_blocked, id=428, stack(0x0000009af6b00000,0x0000009af6c00000) (1024K)]
  0x000002748d726600 JavaThread "WorkerExecutor Queue Thread 3"        [_thread_blocked, id=26536, stack(0x0000009af6c00000,0x0000009af6d00000) (1024K)]
Total: 268

Other Threads:
=>0x00000274d3a8f980 VMThread "VM Thread"                           [id=5408, stack(0x0000009ae5100000,0x0000009ae5200000) (1024K)]
  0x00000274d46019e0 WatcherThread "VM Periodic Task Thread"        [id=20956, stack(0x0000009ae5000000,0x0000009ae5100000) (1024K)]
  0x00000274b7126cd0 WorkerThread "GC Thread#0"                     [id=2244, stack(0x0000009ae4b00000,0x0000009ae4c00000) (1024K)]
  0x00000274f401a110 WorkerThread "GC Thread#1"                     [id=15848, stack(0x0000009ae6000000,0x0000009ae6100000) (1024K)]
  0x00000274f40d9570 WorkerThread "GC Thread#2"                     [id=9672, stack(0x0000009ae6100000,0x0000009ae6200000) (1024K)]
  0x00000274f40d9910 WorkerThread "GC Thread#3"                     [id=21160, stack(0x0000009ae6200000,0x0000009ae6300000) (1024K)]
  0x00000274f40dacc0 WorkerThread "GC Thread#4"                     [id=8396, stack(0x0000009ae6300000,0x0000009ae6400000) (1024K)]
  0x00000274f4101c80 WorkerThread "GC Thread#5"                     [id=20976, stack(0x0000009ae6400000,0x0000009ae6500000) (1024K)]
  0x00000274f5a12670 WorkerThread "GC Thread#6"                     [id=16364, stack(0x0000009ae6700000,0x0000009ae6800000) (1024K)]
  0x00000274f5a05030 WorkerThread "GC Thread#7"                     [id=13444, stack(0x0000009ae6800000,0x0000009ae6900000) (1024K)]
  0x00000274f5a053d0 WorkerThread "GC Thread#8"                     [id=25300, stack(0x0000009ae6900000,0x0000009ae6a00000) (1024K)]
  0x00000274f5e9f280 WorkerThread "GC Thread#9"                     [id=25336, stack(0x0000009ae7600000,0x0000009ae7700000) (1024K)]
  0x00000274f5e9eee0 WorkerThread "GC Thread#10"                    [id=9716, stack(0x0000009ae7700000,0x0000009ae7800000) (1024K)]
  0x00000274f5e9eb40 WorkerThread "GC Thread#11"                    [id=19960, stack(0x0000009ae7800000,0x0000009ae7900000) (1024K)]
  0x00000274f5e9f620 WorkerThread "GC Thread#12"                    [id=12196, stack(0x0000009ae7900000,0x0000009ae7a00000) (1024K)]
  0x00000274b713a1f0 ConcurrentGCThread "G1 Main Marker"            [id=11080, stack(0x0000009ae4c00000,0x0000009ae4d00000) (1024K)]
  0x00000274b713b410 WorkerThread "G1 Conc#0"                       [id=15704, stack(0x0000009ae4d00000,0x0000009ae4e00000) (1024K)]
  0x00000274f5e9fd60 WorkerThread "G1 Conc#1"                       [id=1856, stack(0x0000009ae7a00000,0x0000009ae7b00000) (1024K)]
  0x00000274f738be80 WorkerThread "G1 Conc#2"                       [id=25252, stack(0x0000009ae7b00000,0x0000009ae7c00000) (1024K)]
  0x00000274d39d1720 ConcurrentGCThread "G1 Refine#0"               [id=16720, stack(0x0000009ae4e00000,0x0000009ae4f00000) (1024K)]
  0x00000274d39d2040 ConcurrentGCThread "G1 Service"                [id=17032, stack(0x0000009ae4f00000,0x0000009ae5000000) (1024K)]
Total: 21

Threads with active compile tasks:
Total: 0

VM state: at safepoint (normal execution)

VM Mutex/Monitor currently owned by a thread:  ([mutex/lock_event])
[0x00007ffa3213a5f8] Threads_lock - owner thread: 0x00000274d3a8f980
[0x00007ffa3213a6f8] Heap_lock - owner thread: 0x00000274b713a1f0

Heap address: 0x0000000080000000, size: 2048 MB, Compressed Oops mode: 32-bit

CDS archive(s) mapped at: [0x00000274d5000000-0x00000274d5c90000-0x00000274d5c90000), size 13172736, SharedBaseAddress: 0x00000274d5000000, ArchiveRelocationMode: 1.
Compressed class space mapped at: 0x00000274d6000000-0x00000274f0000000, reserved size: 436207616
Narrow klass base: 0x00000274d5000000, Narrow klass shift: 0, Narrow klass range: 0x100000000

GC Precious Log:
 CardTable entry size: 512
 Card Set container configuration: InlinePtr #cards 5 size 8 Array Of Cards #cards 12 size 40 Howl #buckets 4 coarsen threshold 1843 Howl Bitmap #cards 512 size 80 coarsen threshold 460 Card regions per heap region 1 cards per card region 2048
 CPUs: 16 total, 16 available
 Memory: 16077M
 Large Page Support: Disabled
 NUMA Support: Disabled
 Compressed Oops: Enabled (32-bit)
 Heap Region Size: 1M
 Heap Min Capacity: 8M
 Heap Initial Capacity: 252M
 Heap Max Capacity: 2G
 Pre-touch: Disabled
 Parallel Workers: 13
 Concurrent Workers: 3
 Concurrent Refinement Workers: 13
 Periodic GC: Disabled

Heap:
 garbage-first heap   total 296960K, used 200356K [0x0000000080000000, 0x0000000100000000)
  region size 1024K, 9 young (9216K), 8 survivors (8192K)
 Metaspace       used 185282K, committed 188544K, reserved 622592K
  class space    used 23485K, committed 25088K, reserved 425984K

Heap Regions: E=young(eden), S=young(survivor), O=old, HS=humongous(starts), HC=humongous(continues), CS=collection set, F=free, TAMS=top-at-mark-start, PB=parsable bottom
|   0|0x0000000080000000, 0x0000000080100000, 0x0000000080100000|100%|HS|  |TAMS 0x0000000080100000| PB 0x0000000080000000| Complete 
|   1|0x0000000080100000, 0x0000000080200000, 0x0000000080200000|100%|HC|  |TAMS 0x0000000080200000| PB 0x0000000080100000| Complete 
|   2|0x0000000080200000, 0x0000000080300000, 0x0000000080300000|100%|HC|  |TAMS 0x0000000080300000| PB 0x0000000080200000| Complete 
|   3|0x0000000080300000, 0x0000000080400000, 0x0000000080400000|100%| O|  |TAMS 0x0000000080400000| PB 0x0000000080400000| Untracked 
|   4|0x0000000080400000, 0x0000000080500000, 0x0000000080500000|100%| O|  |TAMS 0x0000000080500000| PB 0x0000000080500000| Untracked 
|   5|0x0000000080500000, 0x0000000080600000, 0x0000000080600000|100%| O|  |TAMS 0x0000000080600000| PB 0x0000000080600000| Untracked 
|   6|0x0000000080600000, 0x0000000080700000, 0x0000000080700000|100%|HS|  |TAMS 0x0000000080700000| PB 0x0000000080600000| Complete 
|   7|0x0000000080700000, 0x0000000080800000, 0x0000000080800000|100%| O|  |TAMS 0x0000000080800000| PB 0x0000000080800000| Untracked 
|   8|0x0000000080800000, 0x0000000080900000, 0x0000000080900000|100%| O|  |TAMS 0x0000000080900000| PB 0x0000000080900000| Untracked 
|   9|0x0000000080900000, 0x0000000080a00000, 0x0000000080a00000|100%| O|  |TAMS 0x0000000080a00000| PB 0x0000000080a00000| Untracked 
|  10|0x0000000080a00000, 0x0000000080b00000, 0x0000000080b00000|100%| O|  |TAMS 0x0000000080b00000| PB 0x0000000080b00000| Untracked 
|  11|0x0000000080b00000, 0x0000000080c00000, 0x0000000080c00000|100%| O|  |TAMS 0x0000000080c00000| PB 0x0000000080c00000| Untracked 
|  12|0x0000000080c00000, 0x0000000080d00000, 0x0000000080d00000|100%| O|  |TAMS 0x0000000080d00000| PB 0x0000000080d00000| Untracked 
|  13|0x0000000080d00000, 0x0000000080e00000, 0x0000000080e00000|100%| O|  |TAMS 0x0000000080e00000| PB 0x0000000080e00000| Untracked 
|  14|0x0000000080e00000, 0x0000000080f00000, 0x0000000080f00000|100%| O|  |TAMS 0x0000000080f00000| PB 0x0000000080f00000| Untracked 
|  15|0x0000000080f00000, 0x0000000081000000, 0x0000000081000000|100%| O|  |TAMS 0x0000000081000000| PB 0x0000000081000000| Untracked 
|  16|0x0000000081000000, 0x0000000081100000, 0x0000000081100000|100%| O|  |TAMS 0x0000000081100000| PB 0x0000000081100000| Untracked 
|  17|0x0000000081100000, 0x0000000081200000, 0x0000000081200000|100%| O|  |TAMS 0x0000000081200000| PB 0x0000000081200000| Updating 
|  18|0x0000000081200000, 0x0000000081300000, 0x0000000081300000|100%| O|  |TAMS 0x0000000081300000| PB 0x0000000081300000| Untracked 
|  19|0x0000000081300000, 0x0000000081400000, 0x0000000081400000|100%| O|  |TAMS 0x0000000081400000| PB 0x0000000081400000| Untracked 
|  20|0x0000000081400000, 0x0000000081500000, 0x0000000081500000|100%| O|  |TAMS 0x0000000081500000| PB 0x0000000081500000| Untracked 
|  21|0x0000000081500000, 0x0000000081600000, 0x0000000081600000|100%| O|  |TAMS 0x0000000081600000| PB 0x0000000081600000| Untracked 
|  22|0x0000000081600000, 0x0000000081700000, 0x0000000081700000|100%| O|  |TAMS 0x0000000081700000| PB 0x0000000081700000| Untracked 
|  23|0x0000000081700000, 0x0000000081800000, 0x0000000081800000|100%| O|  |TAMS 0x0000000081800000| PB 0x0000000081800000| Untracked 
|  24|0x0000000081800000, 0x0000000081900000, 0x0000000081900000|100%| O|  |TAMS 0x0000000081900000| PB 0x0000000081900000| Untracked 
|  25|0x0000000081900000, 0x0000000081a00000, 0x0000000081a00000|100%| O|  |TAMS 0x0000000081a00000| PB 0x0000000081a00000| Untracked 
|  26|0x0000000081a00000, 0x0000000081b00000, 0x0000000081b00000|100%| O|  |TAMS 0x0000000081b00000| PB 0x0000000081b00000| Untracked 
|  27|0x0000000081b00000, 0x0000000081c00000, 0x0000000081c00000|100%| O|  |TAMS 0x0000000081c00000| PB 0x0000000081c00000| Untracked 
|  28|0x0000000081c00000, 0x0000000081d00000, 0x0000000081d00000|100%| O|  |TAMS 0x0000000081d00000| PB 0x0000000081d00000| Untracked 
|  29|0x0000000081d00000, 0x0000000081e00000, 0x0000000081e00000|100%| O|  |TAMS 0x0000000081e00000| PB 0x0000000081e00000| Untracked 
|  30|0x0000000081e00000, 0x0000000081f00000, 0x0000000081f00000|100%| O|  |TAMS 0x0000000081f00000| PB 0x0000000081f00000| Untracked 
|  31|0x0000000081f00000, 0x0000000082000000, 0x0000000082000000|100%| O|  |TAMS 0x0000000082000000| PB 0x0000000082000000| Updating 
|  32|0x0000000082000000, 0x0000000082100000, 0x0000000082100000|100%| O|  |TAMS 0x0000000082100000| PB 0x0000000082100000| Untracked 
|  33|0x0000000082100000, 0x0000000082200000, 0x0000000082200000|100%| O|  |TAMS 0x0000000082200000| PB 0x0000000082200000| Untracked 
|  34|0x0000000082200000, 0x0000000082300000, 0x0000000082300000|100%| O|  |TAMS 0x0000000082300000| PB 0x0000000082300000| Untracked 
|  35|0x0000000082300000, 0x0000000082400000, 0x0000000082400000|100%| O|  |TAMS 0x0000000082400000| PB 0x0000000082400000| Untracked 
|  36|0x0000000082400000, 0x0000000082500000, 0x0000000082500000|100%| O|  |TAMS 0x0000000082500000| PB 0x0000000082500000| Untracked 
|  37|0x0000000082500000, 0x0000000082600000, 0x0000000082600000|100%| O|  |TAMS 0x0000000082600000| PB 0x0000000082600000| Untracked 
|  38|0x0000000082600000, 0x0000000082700000, 0x0000000082700000|100%| O|  |TAMS 0x0000000082700000| PB 0x0000000082700000| Untracked 
|  39|0x0000000082700000, 0x0000000082800000, 0x0000000082800000|100%|HS|  |TAMS 0x0000000082800000| PB 0x0000000082700000| Complete 
|  40|0x0000000082800000, 0x0000000082900000, 0x0000000082900000|100%|HC|  |TAMS 0x0000000082900000| PB 0x0000000082800000| Complete 
|  41|0x0000000082900000, 0x0000000082a00000, 0x0000000082a00000|100%|HC|  |TAMS 0x0000000082a00000| PB 0x0000000082900000| Complete 
|  42|0x0000000082a00000, 0x0000000082b00000, 0x0000000082b00000|100%| O|  |TAMS 0x0000000082b00000| PB 0x0000000082b00000| Untracked 
|  43|0x0000000082b00000, 0x0000000082c00000, 0x0000000082c00000|100%| O|  |TAMS 0x0000000082c00000| PB 0x0000000082c00000| Untracked 
|  44|0x0000000082c00000, 0x0000000082d00000, 0x0000000082d00000|100%| O|  |TAMS 0x0000000082d00000| PB 0x0000000082d00000| Untracked 
|  45|0x0000000082d00000, 0x0000000082e00000, 0x0000000082e00000|100%|HS|  |TAMS 0x0000000082e00000| PB 0x0000000082d00000| Complete 
|  46|0x0000000082e00000, 0x0000000082f00000, 0x0000000082f00000|100%|HC|  |TAMS 0x0000000082f00000| PB 0x0000000082e00000| Complete 
|  47|0x0000000082f00000, 0x0000000083000000, 0x0000000083000000|100%|HC|  |TAMS 0x0000000083000000| PB 0x0000000082f00000| Complete 
|  48|0x0000000083000000, 0x0000000083100000, 0x0000000083100000|100%| O|  |TAMS 0x0000000083100000| PB 0x0000000083100000| Untracked 
|  49|0x0000000083100000, 0x0000000083200000, 0x0000000083200000|100%| O|  |TAMS 0x0000000083200000| PB 0x0000000083200000| Untracked 
|  50|0x0000000083200000, 0x0000000083300000, 0x0000000083300000|100%| O|  |TAMS 0x0000000083300000| PB 0x0000000083300000| Untracked 
|  51|0x0000000083300000, 0x0000000083400000, 0x0000000083400000|100%| O|  |TAMS 0x0000000083400000| PB 0x0000000083400000| Untracked 
|  52|0x0000000083400000, 0x0000000083500000, 0x0000000083500000|100%| O|  |TAMS 0x0000000083500000| PB 0x0000000083500000| Untracked 
|  53|0x0000000083500000, 0x0000000083600000, 0x0000000083600000|100%| O|  |TAMS 0x0000000083600000| PB 0x0000000083600000| Untracked 
|  54|0x0000000083600000, 0x0000000083700000, 0x0000000083700000|100%| O|  |TAMS 0x0000000083700000| PB 0x0000000083700000| Updating 
|  55|0x0000000083700000, 0x0000000083800000, 0x0000000083800000|100%| O|  |TAMS 0x0000000083800000| PB 0x0000000083800000| Untracked 
|  56|0x0000000083800000, 0x0000000083900000, 0x0000000083900000|100%| O|  |TAMS 0x0000000083900000| PB 0x0000000083900000| Updating 
|  57|0x0000000083900000, 0x0000000083a00000, 0x0000000083a00000|100%| O|  |TAMS 0x0000000083a00000| PB 0x0000000083a00000| Untracked 
|  58|0x0000000083a00000, 0x0000000083b00000, 0x0000000083b00000|100%| O|  |TAMS 0x0000000083b00000| PB 0x0000000083b00000| Updating 
|  59|0x0000000083b00000, 0x0000000083c00000, 0x0000000083c00000|100%| O|  |TAMS 0x0000000083c00000| PB 0x0000000083c00000| Untracked 
|  60|0x0000000083c00000, 0x0000000083d00000, 0x0000000083d00000|100%| O|  |TAMS 0x0000000083d00000| PB 0x0000000083d00000| Untracked 
|  61|0x0000000083d00000, 0x0000000083e00000, 0x0000000083e00000|100%| O|  |TAMS 0x0000000083e00000| PB 0x0000000083e00000| Updating 
|  62|0x0000000083e00000, 0x0000000083f00000, 0x0000000083f00000|100%| O|  |TAMS 0x0000000083f00000| PB 0x0000000083f00000| Updating 
|  63|0x0000000083f00000, 0x0000000084000000, 0x0000000084000000|100%| O|  |TAMS 0x0000000084000000| PB 0x0000000084000000| Untracked 
|  64|0x0000000084000000, 0x0000000084100000, 0x0000000084100000|100%| O|  |TAMS 0x0000000084100000| PB 0x0000000084100000| Untracked 
|  65|0x0000000084100000, 0x0000000084200000, 0x0000000084200000|100%| O|  |TAMS 0x0000000084200000| PB 0x0000000084200000| Untracked 
|  66|0x0000000084200000, 0x0000000084300000, 0x0000000084300000|100%| O|  |TAMS 0x0000000084300000| PB 0x0000000084300000| Untracked 
|  67|0x0000000084300000, 0x0000000084400000, 0x0000000084400000|100%| O|  |TAMS 0x0000000084400000| PB 0x0000000084400000| Untracked 
|  68|0x0000000084400000, 0x0000000084500000, 0x0000000084500000|100%| O|  |TAMS 0x0000000084500000| PB 0x0000000084500000| Updating 
|  69|0x0000000084500000, 0x0000000084500000, 0x0000000084600000|  0%| F|  |TAMS 0x0000000084500000| PB 0x0000000084500000| Untracked 
|  70|0x0000000084600000, 0x0000000084700000, 0x0000000084700000|100%| O|  |TAMS 0x0000000084700000| PB 0x0000000084700000| Updating 
|  71|0x0000000084700000, 0x0000000084800000, 0x0000000084800000|100%| O|  |TAMS 0x0000000084800000| PB 0x0000000084800000| Untracked 
|  72|0x0000000084800000, 0x0000000084900000, 0x0000000084900000|100%| O|  |TAMS 0x0000000084900000| PB 0x0000000084900000| Untracked 
|  73|0x0000000084900000, 0x0000000084a00000, 0x0000000084a00000|100%| O|  |TAMS 0x0000000084a00000| PB 0x0000000084a00000| Untracked 
|  74|0x0000000084a00000, 0x0000000084b00000, 0x0000000084b00000|100%| O|  |TAMS 0x0000000084b00000| PB 0x0000000084b00000| Updating 
|  75|0x0000000084b00000, 0x0000000084c00000, 0x0000000084c00000|100%| O|  |TAMS 0x0000000084c00000| PB 0x0000000084c00000| Updating 
|  76|0x0000000084c00000, 0x0000000084d00000, 0x0000000084d00000|100%| O|  |TAMS 0x0000000084d00000| PB 0x0000000084d00000| Updating 
|  77|0x0000000084d00000, 0x0000000084e00000, 0x0000000084e00000|100%| O|  |TAMS 0x0000000084e00000| PB 0x0000000084e00000| Updating 
|  78|0x0000000084e00000, 0x0000000084f00000, 0x0000000084f00000|100%| O|  |TAMS 0x0000000084f00000| PB 0x0000000084f00000| Updating 
|  79|0x0000000084f00000, 0x0000000085000000, 0x0000000085000000|100%| O|  |TAMS 0x0000000085000000| PB 0x0000000085000000| Untracked 
|  80|0x0000000085000000, 0x0000000085100000, 0x0000000085100000|100%| O|  |TAMS 0x0000000085100000| PB 0x0000000085100000| Untracked 
|  81|0x0000000085100000, 0x0000000085200000, 0x0000000085200000|100%| O|  |TAMS 0x0000000085200000| PB 0x0000000085200000| Untracked 
|  82|0x0000000085200000, 0x0000000085300000, 0x0000000085300000|100%|HS|  |TAMS 0x0000000085300000| PB 0x0000000085200000| Complete 
|  83|0x0000000085300000, 0x0000000085400000, 0x0000000085400000|100%|HC|  |TAMS 0x0000000085400000| PB 0x0000000085300000| Complete 
|  84|0x0000000085400000, 0x0000000085500000, 0x0000000085500000|100%|HC|  |TAMS 0x0000000085500000| PB 0x0000000085400000| Complete 
|  85|0x0000000085500000, 0x0000000085600000, 0x0000000085600000|100%| O|  |TAMS 0x0000000085600000| PB 0x0000000085600000| Untracked 
|  86|0x0000000085600000, 0x0000000085700000, 0x0000000085700000|100%| O|  |TAMS 0x0000000085700000| PB 0x0000000085700000| Untracked 
|  87|0x0000000085700000, 0x0000000085800000, 0x0000000085800000|100%| O|  |TAMS 0x0000000085800000| PB 0x0000000085800000| Untracked 
|  88|0x0000000085800000, 0x0000000085900000, 0x0000000085900000|100%| O|  |TAMS 0x0000000085900000| PB 0x0000000085900000| Untracked 
|  89|0x0000000085900000, 0x0000000085a00000, 0x0000000085a00000|100%| O|  |TAMS 0x0000000085a00000| PB 0x0000000085a00000| Untracked 
|  90|0x0000000085a00000, 0x0000000085b00000, 0x0000000085b00000|100%| O|  |TAMS 0x0000000085b00000| PB 0x0000000085b00000| Updating 
|  91|0x0000000085b00000, 0x0000000085c00000, 0x0000000085c00000|100%| O|  |TAMS 0x0000000085c00000| PB 0x0000000085c00000| Untracked 
|  92|0x0000000085c00000, 0x0000000085c00000, 0x0000000085d00000|  0%| F|  |TAMS 0x0000000085c00000| PB 0x0000000085c00000| Untracked 
|  93|0x0000000085d00000, 0x0000000085e00000, 0x0000000085e00000|100%| O|  |TAMS 0x0000000085e00000| PB 0x0000000085e00000| Untracked 
|  94|0x0000000085e00000, 0x0000000085f00000, 0x0000000085f00000|100%| O|  |TAMS 0x0000000085f00000| PB 0x0000000085f00000| Untracked 
|  95|0x0000000085f00000, 0x0000000086000000, 0x0000000086000000|100%| O|  |TAMS 0x0000000086000000| PB 0x0000000086000000| Untracked 
|  96|0x0000000086000000, 0x0000000086100000, 0x0000000086100000|100%| O|  |TAMS 0x0000000086100000| PB 0x0000000086100000| Untracked 
|  97|0x0000000086100000, 0x0000000086200000, 0x0000000086200000|100%| O|  |TAMS 0x0000000086200000| PB 0x0000000086200000| Untracked 
|  98|0x0000000086200000, 0x0000000086300000, 0x0000000086300000|100%| O|  |TAMS 0x0000000086300000| PB 0x0000000086300000| Untracked 
|  99|0x0000000086300000, 0x0000000086400000, 0x0000000086400000|100%| O|  |TAMS 0x0000000086400000| PB 0x0000000086400000| Updating 
| 100|0x0000000086400000, 0x0000000086500000, 0x0000000086500000|100%| O|  |TAMS 0x0000000086500000| PB 0x0000000086500000| Updating 
| 101|0x0000000086500000, 0x0000000086600000, 0x0000000086600000|100%| O|  |TAMS 0x0000000086600000| PB 0x0000000086600000| Updating 
| 102|0x0000000086600000, 0x0000000086700000, 0x0000000086700000|100%| O|  |TAMS 0x0000000086700000| PB 0x0000000086700000| Untracked 
| 103|0x0000000086700000, 0x0000000086800000, 0x0000000086800000|100%| O|  |TAMS 0x0000000086800000| PB 0x0000000086800000| Untracked 
| 104|0x0000000086800000, 0x0000000086900000, 0x0000000086900000|100%| O|  |TAMS 0x0000000086900000| PB 0x0000000086900000| Updating 
| 105|0x0000000086900000, 0x0000000086a00000, 0x0000000086a00000|100%| O|  |TAMS 0x0000000086a00000| PB 0x0000000086a00000| Untracked 
| 106|0x0000000086a00000, 0x0000000086b00000, 0x0000000086b00000|100%| O|  |TAMS 0x0000000086b00000| PB 0x0000000086b00000| Untracked 
| 107|0x0000000086b00000, 0x0000000086c00000, 0x0000000086c00000|100%| O|  |TAMS 0x0000000086c00000| PB 0x0000000086c00000| Updating 
| 108|0x0000000086c00000, 0x0000000086d00000, 0x0000000086d00000|100%| O|  |TAMS 0x0000000086d00000| PB 0x0000000086d00000| Updating 
| 109|0x0000000086d00000, 0x0000000086e00000, 0x0000000086e00000|100%| O|  |TAMS 0x0000000086e00000| PB 0x0000000086e00000| Updating 
| 110|0x0000000086e00000, 0x0000000086f00000, 0x0000000086f00000|100%| O|  |TAMS 0x0000000086f00000| PB 0x0000000086f00000| Untracked 
| 111|0x0000000086f00000, 0x0000000087000000, 0x0000000087000000|100%| O|  |TAMS 0x0000000087000000| PB 0x0000000087000000| Untracked 
| 112|0x0000000087000000, 0x0000000087100000, 0x0000000087100000|100%| O|  |TAMS 0x0000000087100000| PB 0x0000000087100000| Untracked 
| 113|0x0000000087100000, 0x0000000087200000, 0x0000000087200000|100%| O|  |TAMS 0x0000000087200000| PB 0x0000000087200000| Untracked 
| 114|0x0000000087200000, 0x0000000087300000, 0x0000000087300000|100%| O|  |TAMS 0x0000000087300000| PB 0x0000000087300000| Updating 
| 115|0x0000000087300000, 0x0000000087400000, 0x0000000087400000|100%| O|  |TAMS 0x0000000087400000| PB 0x0000000087400000| Updating 
| 116|0x0000000087400000, 0x0000000087500000, 0x0000000087500000|100%| O|  |TAMS 0x0000000087500000| PB 0x0000000087500000| Untracked 
| 117|0x0000000087500000, 0x0000000087600000, 0x0000000087600000|100%| O|  |TAMS 0x0000000087600000| PB 0x0000000087600000| Untracked 
| 118|0x0000000087600000, 0x0000000087700000, 0x0000000087700000|100%| O|  |TAMS 0x0000000087700000| PB 0x0000000087700000| Updating 
| 119|0x0000000087700000, 0x0000000087800000, 0x0000000087800000|100%| O|  |TAMS 0x0000000087800000| PB 0x0000000087800000| Untracked 
| 120|0x0000000087800000, 0x0000000087900000, 0x0000000087900000|100%| O|  |TAMS 0x0000000087900000| PB 0x0000000087900000| Untracked 
| 121|0x0000000087900000, 0x0000000087a00000, 0x0000000087a00000|100%| O|  |TAMS 0x0000000087a00000| PB 0x0000000087a00000| Untracked 
| 122|0x0000000087a00000, 0x0000000087b00000, 0x0000000087b00000|100%| O|  |TAMS 0x0000000087b00000| PB 0x0000000087b00000| Untracked 
| 123|0x0000000087b00000, 0x0000000087c00000, 0x0000000087c00000|100%| O|  |TAMS 0x0000000087c00000| PB 0x0000000087c00000| Updating 
| 124|0x0000000087c00000, 0x0000000087d00000, 0x0000000087d00000|100%| O|  |TAMS 0x0000000087c00000| PB 0x0000000087c00000| Untracked 
| 125|0x0000000087d00000, 0x0000000087e00000, 0x0000000087e00000|100%| O|  |TAMS 0x0000000087e00000| PB 0x0000000087e00000| Updating 
| 126|0x0000000087e00000, 0x0000000087f00000, 0x0000000087f00000|100%| O|  |TAMS 0x0000000087f00000| PB 0x0000000087f00000| Updating 
| 127|0x0000000087f00000, 0x0000000088000000, 0x0000000088000000|100%| O|  |TAMS 0x0000000088000000| PB 0x0000000088000000| Updating 
| 128|0x0000000088000000, 0x0000000088100000, 0x0000000088100000|100%| O|  |TAMS 0x0000000088100000| PB 0x0000000088100000| Updating 
| 129|0x0000000088100000, 0x0000000088200000, 0x0000000088200000|100%| O|  |TAMS 0x0000000088200000| PB 0x0000000088200000| Updating 
| 130|0x0000000088200000, 0x0000000088300000, 0x0000000088300000|100%| O|  |TAMS 0x0000000088300000| PB 0x0000000088300000| Updating 
| 131|0x0000000088300000, 0x0000000088400000, 0x0000000088400000|100%| O|  |TAMS 0x0000000088400000| PB 0x0000000088400000| Updating 
| 132|0x0000000088400000, 0x0000000088500000, 0x0000000088500000|100%| O|  |TAMS 0x0000000088400000| PB 0x0000000088400000| Untracked 
| 133|0x0000000088500000, 0x0000000088600000, 0x0000000088600000|100%| O|  |TAMS 0x0000000088600000| PB 0x0000000088600000| Updating 
| 134|0x0000000088600000, 0x0000000088700000, 0x0000000088700000|100%| O|  |TAMS 0x0000000088600000| PB 0x0000000088600000| Untracked 
| 135|0x0000000088700000, 0x0000000088800000, 0x0000000088800000|100%| O|  |TAMS 0x0000000088800000| PB 0x0000000088800000| Untracked 
| 136|0x0000000088800000, 0x0000000088900000, 0x0000000088900000|100%| O|  |TAMS 0x0000000088900000| PB 0x0000000088900000| Untracked 
| 137|0x0000000088900000, 0x0000000088a00000, 0x0000000088a00000|100%| O|  |TAMS 0x0000000088900000| PB 0x0000000088900000| Untracked 
| 138|0x0000000088a00000, 0x0000000088b00000, 0x0000000088b00000|100%| O|  |TAMS 0x0000000088b00000| PB 0x0000000088b00000| Updating 
| 139|0x0000000088b00000, 0x0000000088c00000, 0x0000000088c00000|100%| O|  |TAMS 0x0000000088c00000| PB 0x0000000088c00000| Updating 
| 140|0x0000000088c00000, 0x0000000088c00000, 0x0000000088d00000|  0%| F|  |TAMS 0x0000000088c00000| PB 0x0000000088c00000| Untracked 
| 141|0x0000000088d00000, 0x0000000088d00000, 0x0000000088e00000|  0%| F|  |TAMS 0x0000000088d00000| PB 0x0000000088d00000| Untracked 
| 142|0x0000000088e00000, 0x0000000088e00000, 0x0000000088f00000|  0%| F|  |TAMS 0x0000000088e00000| PB 0x0000000088e00000| Untracked 
| 143|0x0000000088f00000, 0x0000000088f00000, 0x0000000089000000|  0%| F|  |TAMS 0x0000000088f00000| PB 0x0000000088f00000| Untracked 
| 144|0x0000000089000000, 0x0000000089000000, 0x0000000089100000|  0%| F|  |TAMS 0x0000000089000000| PB 0x0000000089000000| Untracked 
| 145|0x0000000089100000, 0x0000000089100000, 0x0000000089200000|  0%| F|  |TAMS 0x0000000089100000| PB 0x0000000089100000| Untracked 
| 146|0x0000000089200000, 0x0000000089300000, 0x0000000089300000|100%| O|  |TAMS 0x0000000089200000| PB 0x0000000089200000| Untracked 
| 147|0x0000000089300000, 0x0000000089400000, 0x0000000089400000|100%| O|  |TAMS 0x0000000089300000| PB 0x0000000089300000| Untracked 
| 148|0x0000000089400000, 0x0000000089500000, 0x0000000089500000|100%| O|  |TAMS 0x0000000089400000| PB 0x0000000089400000| Untracked 
| 149|0x0000000089500000, 0x0000000089600000, 0x0000000089600000|100%| O|  |TAMS 0x0000000089500000| PB 0x0000000089500000| Untracked 
| 150|0x0000000089600000, 0x0000000089700000, 0x0000000089700000|100%| O|  |TAMS 0x0000000089600000| PB 0x0000000089600000| Untracked 
| 151|0x0000000089700000, 0x0000000089800000, 0x0000000089800000|100%| O|  |TAMS 0x0000000089700000| PB 0x0000000089700000| Untracked 
| 152|0x0000000089800000, 0x00000000898e1420, 0x0000000089900000| 87%| O|  |TAMS 0x0000000089800000| PB 0x0000000089800000| Untracked 
| 153|0x0000000089900000, 0x0000000089900000, 0x0000000089a00000|  0%| F|  |TAMS 0x0000000089900000| PB 0x0000000089900000| Untracked 
| 154|0x0000000089a00000, 0x0000000089a00000, 0x0000000089b00000|  0%| F|  |TAMS 0x0000000089a00000| PB 0x0000000089a00000| Untracked 
| 155|0x0000000089b00000, 0x0000000089b00000, 0x0000000089c00000|  0%| F|  |TAMS 0x0000000089b00000| PB 0x0000000089b00000| Untracked 
| 156|0x0000000089c00000, 0x0000000089c00000, 0x0000000089d00000|  0%| F|  |TAMS 0x0000000089c00000| PB 0x0000000089c00000| Untracked 
| 157|0x0000000089d00000, 0x0000000089e00000, 0x0000000089e00000|100%| O|  |TAMS 0x0000000089e00000| PB 0x0000000089e00000| Updating 
| 158|0x0000000089e00000, 0x0000000089f00000, 0x0000000089f00000|100%| O|  |TAMS 0x0000000089f00000| PB 0x0000000089f00000| Updating 
| 159|0x0000000089f00000, 0x000000008a000000, 0x000000008a000000|100%| O|  |TAMS 0x000000008a000000| PB 0x000000008a000000| Updating 
| 160|0x000000008a000000, 0x000000008a100000, 0x000000008a100000|100%| O|  |TAMS 0x000000008a100000| PB 0x000000008a100000| Updating 
| 161|0x000000008a100000, 0x000000008a200000, 0x000000008a200000|100%| O|  |TAMS 0x000000008a200000| PB 0x000000008a200000| Updating 
| 162|0x000000008a200000, 0x000000008a300000, 0x000000008a300000|100%| O|  |TAMS 0x000000008a300000| PB 0x000000008a300000| Updating 
| 163|0x000000008a300000, 0x000000008a400000, 0x000000008a400000|100%| O|  |TAMS 0x000000008a400000| PB 0x000000008a400000| Updating 
| 164|0x000000008a400000, 0x000000008a500000, 0x000000008a500000|100%| O|  |TAMS 0x000000008a500000| PB 0x000000008a500000| Updating 
| 165|0x000000008a500000, 0x000000008a600000, 0x000000008a600000|100%| O|  |TAMS 0x000000008a600000| PB 0x000000008a600000| Updating 
| 166|0x000000008a600000, 0x000000008a600000, 0x000000008a700000|  0%| F|  |TAMS 0x000000008a600000| PB 0x000000008a600000| Untracked 
| 167|0x000000008a700000, 0x000000008a700000, 0x000000008a800000|  0%| F|  |TAMS 0x000000008a700000| PB 0x000000008a700000| Untracked 
| 168|0x000000008a800000, 0x000000008a800000, 0x000000008a900000|  0%| F|  |TAMS 0x000000008a800000| PB 0x000000008a800000| Untracked 
| 169|0x000000008a900000, 0x000000008a900000, 0x000000008aa00000|  0%| F|  |TAMS 0x000000008a900000| PB 0x000000008a900000| Untracked 
| 170|0x000000008aa00000, 0x000000008aa00000, 0x000000008ab00000|  0%| F|  |TAMS 0x000000008aa00000| PB 0x000000008aa00000| Untracked 
| 171|0x000000008ab00000, 0x000000008ab00000, 0x000000008ac00000|  0%| F|  |TAMS 0x000000008ab00000| PB 0x000000008ab00000| Untracked 
| 172|0x000000008ac00000, 0x000000008ac00000, 0x000000008ad00000|  0%| F|  |TAMS 0x000000008ac00000| PB 0x000000008ac00000| Untracked 
| 173|0x000000008ad00000, 0x000000008ad00000, 0x000000008ae00000|  0%| F|  |TAMS 0x000000008ad00000| PB 0x000000008ad00000| Untracked 
| 174|0x000000008ae00000, 0x000000008ae00000, 0x000000008af00000|  0%| F|  |TAMS 0x000000008ae00000| PB 0x000000008ae00000| Untracked 
| 175|0x000000008af00000, 0x000000008af00000, 0x000000008b000000|  0%| F|  |TAMS 0x000000008af00000| PB 0x000000008af00000| Untracked 
| 176|0x000000008b000000, 0x000000008b000000, 0x000000008b100000|  0%| F|  |TAMS 0x000000008b000000| PB 0x000000008b000000| Untracked 
| 177|0x000000008b100000, 0x000000008b100000, 0x000000008b200000|  0%| F|  |TAMS 0x000000008b100000| PB 0x000000008b100000| Untracked 
| 178|0x000000008b200000, 0x000000008b200000, 0x000000008b300000|  0%| F|  |TAMS 0x000000008b200000| PB 0x000000008b200000| Untracked 
| 179|0x000000008b300000, 0x000000008b3c7d08, 0x000000008b400000| 78%| S|CS|TAMS 0x000000008b300000| PB 0x000000008b300000| Complete 
| 180|0x000000008b400000, 0x000000008b500000, 0x000000008b500000|100%| S|CS|TAMS 0x000000008b400000| PB 0x000000008b400000| Complete 
| 181|0x000000008b500000, 0x000000008b600000, 0x000000008b600000|100%| S|CS|TAMS 0x000000008b500000| PB 0x000000008b500000| Complete 
| 182|0x000000008b600000, 0x000000008b700000, 0x000000008b700000|100%| S|CS|TAMS 0x000000008b600000| PB 0x000000008b600000| Complete 
| 183|0x000000008b700000, 0x000000008b800000, 0x000000008b800000|100%| S|CS|TAMS 0x000000008b700000| PB 0x000000008b700000| Complete 
| 184|0x000000008b800000, 0x000000008b900000, 0x000000008b900000|100%| S|CS|TAMS 0x000000008b800000| PB 0x000000008b800000| Complete 
| 185|0x000000008b900000, 0x000000008ba00000, 0x000000008ba00000|100%| S|CS|TAMS 0x000000008b900000| PB 0x000000008b900000| Complete 
| 186|0x000000008ba00000, 0x000000008bb00000, 0x000000008bb00000|100%| S|CS|TAMS 0x000000008ba00000| PB 0x000000008ba00000| Complete 
| 187|0x000000008bb00000, 0x000000008bb00000, 0x000000008bc00000|  0%| F|  |TAMS 0x000000008bb00000| PB 0x000000008bb00000| Untracked 
| 188|0x000000008bc00000, 0x000000008bc00000, 0x000000008bd00000|  0%| F|  |TAMS 0x000000008bc00000| PB 0x000000008bc00000| Untracked 
| 189|0x000000008bd00000, 0x000000008bd00000, 0x000000008be00000|  0%| F|  |TAMS 0x000000008bd00000| PB 0x000000008bd00000| Untracked 
| 190|0x000000008be00000, 0x000000008be00000, 0x000000008bf00000|  0%| F|  |TAMS 0x000000008be00000| PB 0x000000008be00000| Untracked 
| 191|0x000000008bf00000, 0x000000008bf00000, 0x000000008c000000|  0%| F|  |TAMS 0x000000008bf00000| PB 0x000000008bf00000| Untracked 
| 192|0x000000008c000000, 0x000000008c000000, 0x000000008c100000|  0%| F|  |TAMS 0x000000008c000000| PB 0x000000008c000000| Untracked 
| 193|0x000000008c100000, 0x000000008c100000, 0x000000008c200000|  0%| F|  |TAMS 0x000000008c100000| PB 0x000000008c100000| Untracked 
| 194|0x000000008c200000, 0x000000008c200000, 0x000000008c300000|  0%| F|  |TAMS 0x000000008c200000| PB 0x000000008c200000| Untracked 
| 195|0x000000008c300000, 0x000000008c300000, 0x000000008c400000|  0%| F|  |TAMS 0x000000008c300000| PB 0x000000008c300000| Untracked 
| 196|0x000000008c400000, 0x000000008c400000, 0x000000008c500000|  0%| F|  |TAMS 0x000000008c400000| PB 0x000000008c400000| Untracked 
| 197|0x000000008c500000, 0x000000008c500000, 0x000000008c600000|  0%| F|  |TAMS 0x000000008c500000| PB 0x000000008c500000| Untracked 
| 198|0x000000008c600000, 0x000000008c600000, 0x000000008c700000|  0%| F|  |TAMS 0x000000008c600000| PB 0x000000008c600000| Untracked 
| 199|0x000000008c700000, 0x000000008c700000, 0x000000008c800000|  0%| F|  |TAMS 0x000000008c700000| PB 0x000000008c700000| Untracked 
| 200|0x000000008c800000, 0x000000008c800000, 0x000000008c900000|  0%| F|  |TAMS 0x000000008c800000| PB 0x000000008c800000| Untracked 
| 201|0x000000008c900000, 0x000000008c900000, 0x000000008ca00000|  0%| F|  |TAMS 0x000000008c900000| PB 0x000000008c900000| Untracked 
| 202|0x000000008ca00000, 0x000000008ca00000, 0x000000008cb00000|  0%| F|  |TAMS 0x000000008ca00000| PB 0x000000008ca00000| Untracked 
| 203|0x000000008cb00000, 0x000000008cb00000, 0x000000008cc00000|  0%| F|  |TAMS 0x000000008cb00000| PB 0x000000008cb00000| Untracked 
| 204|0x000000008cc00000, 0x000000008cc00000, 0x000000008cd00000|  0%| F|  |TAMS 0x000000008cc00000| PB 0x000000008cc00000| Untracked 
| 205|0x000000008cd00000, 0x000000008cd00000, 0x000000008ce00000|  0%| F|  |TAMS 0x000000008cd00000| PB 0x000000008cd00000| Untracked 
| 206|0x000000008ce00000, 0x000000008ce00000, 0x000000008cf00000|  0%| F|  |TAMS 0x000000008ce00000| PB 0x000000008ce00000| Untracked 
| 207|0x000000008cf00000, 0x000000008cf00000, 0x000000008d000000|  0%| F|  |TAMS 0x000000008cf00000| PB 0x000000008cf00000| Untracked 
| 208|0x000000008d000000, 0x000000008d000000, 0x000000008d100000|  0%| F|  |TAMS 0x000000008d000000| PB 0x000000008d000000| Untracked 
| 209|0x000000008d100000, 0x000000008d100000, 0x000000008d200000|  0%| F|  |TAMS 0x000000008d100000| PB 0x000000008d100000| Untracked 
| 210|0x000000008d200000, 0x000000008d200000, 0x000000008d300000|  0%| F|  |TAMS 0x000000008d200000| PB 0x000000008d200000| Untracked 
| 211|0x000000008d300000, 0x000000008d300000, 0x000000008d400000|  0%| F|  |TAMS 0x000000008d300000| PB 0x000000008d300000| Untracked 
| 212|0x000000008d400000, 0x000000008d400000, 0x000000008d500000|  0%| F|  |TAMS 0x000000008d400000| PB 0x000000008d400000| Untracked 
| 213|0x000000008d500000, 0x000000008d500000, 0x000000008d600000|  0%| F|  |TAMS 0x000000008d500000| PB 0x000000008d500000| Untracked 
| 214|0x000000008d600000, 0x000000008d600000, 0x000000008d700000|  0%| F|  |TAMS 0x000000008d600000| PB 0x000000008d600000| Untracked 
| 215|0x000000008d700000, 0x000000008d700000, 0x000000008d800000|  0%| F|  |TAMS 0x000000008d700000| PB 0x000000008d700000| Untracked 
| 216|0x000000008d800000, 0x000000008d800000, 0x000000008d900000|  0%| F|  |TAMS 0x000000008d800000| PB 0x000000008d800000| Untracked 
| 217|0x000000008d900000, 0x000000008d900000, 0x000000008da00000|  0%| F|  |TAMS 0x000000008d900000| PB 0x000000008d900000| Untracked 
| 218|0x000000008da00000, 0x000000008da00000, 0x000000008db00000|  0%| F|  |TAMS 0x000000008da00000| PB 0x000000008da00000| Untracked 
| 219|0x000000008db00000, 0x000000008db00000, 0x000000008dc00000|  0%| F|  |TAMS 0x000000008db00000| PB 0x000000008db00000| Untracked 
| 220|0x000000008dc00000, 0x000000008dc00000, 0x000000008dd00000|  0%| F|  |TAMS 0x000000008dc00000| PB 0x000000008dc00000| Untracked 
| 221|0x000000008dd00000, 0x000000008dd00000, 0x000000008de00000|  0%| F|  |TAMS 0x000000008dd00000| PB 0x000000008dd00000| Untracked 
| 222|0x000000008de00000, 0x000000008de00000, 0x000000008df00000|  0%| F|  |TAMS 0x000000008de00000| PB 0x000000008de00000| Untracked 
| 223|0x000000008df00000, 0x000000008df00000, 0x000000008e000000|  0%| F|  |TAMS 0x000000008df00000| PB 0x000000008df00000| Untracked 
| 224|0x000000008e000000, 0x000000008e000000, 0x000000008e100000|  0%| F|  |TAMS 0x000000008e000000| PB 0x000000008e000000| Untracked 
| 225|0x000000008e100000, 0x000000008e100000, 0x000000008e200000|  0%| F|  |TAMS 0x000000008e100000| PB 0x000000008e100000| Untracked 
| 226|0x000000008e200000, 0x000000008e200000, 0x000000008e300000|  0%| F|  |TAMS 0x000000008e200000| PB 0x000000008e200000| Untracked 
| 227|0x000000008e300000, 0x000000008e300000, 0x000000008e400000|  0%| F|  |TAMS 0x000000008e300000| PB 0x000000008e300000| Untracked 
| 228|0x000000008e400000, 0x000000008e400000, 0x000000008e500000|  0%| F|  |TAMS 0x000000008e400000| PB 0x000000008e400000| Untracked 
| 229|0x000000008e500000, 0x000000008e500000, 0x000000008e600000|  0%| F|  |TAMS 0x000000008e500000| PB 0x000000008e500000| Untracked 
| 230|0x000000008e600000, 0x000000008e600000, 0x000000008e700000|  0%| F|  |TAMS 0x000000008e600000| PB 0x000000008e600000| Untracked 
| 231|0x000000008e700000, 0x000000008e700000, 0x000000008e800000|  0%| F|  |TAMS 0x000000008e700000| PB 0x000000008e700000| Untracked 
| 232|0x000000008e800000, 0x000000008e800000, 0x000000008e900000|  0%| F|  |TAMS 0x000000008e800000| PB 0x000000008e800000| Untracked 
| 233|0x000000008e900000, 0x000000008e900000, 0x000000008ea00000|  0%| F|  |TAMS 0x000000008e900000| PB 0x000000008e900000| Untracked 
| 234|0x000000008ea00000, 0x000000008ea00000, 0x000000008eb00000|  0%| F|  |TAMS 0x000000008ea00000| PB 0x000000008ea00000| Untracked 
| 235|0x000000008eb00000, 0x000000008eb00000, 0x000000008ec00000|  0%| F|  |TAMS 0x000000008eb00000| PB 0x000000008eb00000| Untracked 
| 236|0x000000008ec00000, 0x000000008ec00000, 0x000000008ed00000|  0%| F|  |TAMS 0x000000008ec00000| PB 0x000000008ec00000| Untracked 
| 237|0x000000008ed00000, 0x000000008ed00000, 0x000000008ee00000|  0%| F|  |TAMS 0x000000008ed00000| PB 0x000000008ed00000| Untracked 
| 238|0x000000008ee00000, 0x000000008ee00000, 0x000000008ef00000|  0%| F|  |TAMS 0x000000008ee00000| PB 0x000000008ee00000| Untracked 
| 239|0x000000008ef00000, 0x000000008ef00000, 0x000000008f000000|  0%| F|  |TAMS 0x000000008ef00000| PB 0x000000008ef00000| Untracked 
| 240|0x000000008f000000, 0x000000008f000000, 0x000000008f100000|  0%| F|  |TAMS 0x000000008f000000| PB 0x000000008f000000| Untracked 
| 241|0x000000008f100000, 0x000000008f100000, 0x000000008f200000|  0%| F|  |TAMS 0x000000008f100000| PB 0x000000008f100000| Untracked 
| 242|0x000000008f200000, 0x000000008f200000, 0x000000008f300000|  0%| F|  |TAMS 0x000000008f200000| PB 0x000000008f200000| Untracked 
| 243|0x000000008f300000, 0x000000008f300000, 0x000000008f400000|  0%| F|  |TAMS 0x000000008f300000| PB 0x000000008f300000| Untracked 
| 244|0x000000008f400000, 0x000000008f400000, 0x000000008f500000|  0%| F|  |TAMS 0x000000008f400000| PB 0x000000008f400000| Untracked 
| 245|0x000000008f500000, 0x000000008f500000, 0x000000008f600000|  0%| F|  |TAMS 0x000000008f500000| PB 0x000000008f500000| Untracked 
| 246|0x000000008f600000, 0x000000008f600000, 0x000000008f700000|  0%| F|  |TAMS 0x000000008f600000| PB 0x000000008f600000| Untracked 
| 247|0x000000008f700000, 0x000000008f700000, 0x000000008f800000|  0%| F|  |TAMS 0x000000008f700000| PB 0x000000008f700000| Untracked 
| 248|0x000000008f800000, 0x000000008f800000, 0x000000008f900000|  0%| F|  |TAMS 0x000000008f800000| PB 0x000000008f800000| Untracked 
| 249|0x000000008f900000, 0x000000008f900000, 0x000000008fa00000|  0%| F|  |TAMS 0x000000008f900000| PB 0x000000008f900000| Untracked 
| 250|0x000000008fa00000, 0x000000008fa00000, 0x000000008fb00000|  0%| F|  |TAMS 0x000000008fa00000| PB 0x000000008fa00000| Untracked 
| 251|0x000000008fb00000, 0x000000008fb00000, 0x000000008fc00000|  0%| F|  |TAMS 0x000000008fb00000| PB 0x000000008fb00000| Untracked 
|2010|0x00000000fda00000, 0x00000000fdb00000, 0x00000000fdb00000|100%| O|  |TAMS 0x00000000fda7d268| PB 0x00000000fda7d268| Updating 
|2011|0x00000000fdb00000, 0x00000000fdc00000, 0x00000000fdc00000|100%| O|  |TAMS 0x00000000fdc00000| PB 0x00000000fdc00000| Updating 
|2012|0x00000000fdc00000, 0x00000000fdd00000, 0x00000000fdd00000|100%| O|  |TAMS 0x00000000fdd00000| PB 0x00000000fdd00000| Updating 
|2013|0x00000000fdd00000, 0x00000000fde00000, 0x00000000fde00000|100%| O|  |TAMS 0x00000000fde00000| PB 0x00000000fde00000| Untracked 
|2014|0x00000000fde00000, 0x00000000fdf00000, 0x00000000fdf00000|100%| O|  |TAMS 0x00000000fdf00000| PB 0x00000000fdf00000| Untracked 
|2015|0x00000000fdf00000, 0x00000000fe000000, 0x00000000fe000000|100%| O|  |TAMS 0x00000000fe000000| PB 0x00000000fe000000| Untracked 
|2016|0x00000000fe000000, 0x00000000fe100000, 0x00000000fe100000|100%| O|  |TAMS 0x00000000fe100000| PB 0x00000000fe100000| Untracked 
|2017|0x00000000fe100000, 0x00000000fe200000, 0x00000000fe200000|100%| O|  |TAMS 0x00000000fe200000| PB 0x00000000fe200000| Untracked 
|2018|0x00000000fe200000, 0x00000000fe300000, 0x00000000fe300000|100%| O|  |TAMS 0x00000000fe300000| PB 0x00000000fe300000| Updating 
|2019|0x00000000fe300000, 0x00000000fe400000, 0x00000000fe400000|100%| O|  |TAMS 0x00000000fe400000| PB 0x00000000fe400000| Updating 
|2020|0x00000000fe400000, 0x00000000fe500000, 0x00000000fe500000|100%| O|  |TAMS 0x00000000fe500000| PB 0x00000000fe500000| Updating 
|2021|0x00000000fe500000, 0x00000000fe600000, 0x00000000fe600000|100%| O|  |TAMS 0x00000000fe600000| PB 0x00000000fe600000| Updating 
|2022|0x00000000fe600000, 0x00000000fe700000, 0x00000000fe700000|100%| O|  |TAMS 0x00000000fe700000| PB 0x00000000fe700000| Updating 
|2023|0x00000000fe700000, 0x00000000fe800000, 0x00000000fe800000|100%| O|  |TAMS 0x00000000fe800000| PB 0x00000000fe800000| Untracked 
|2024|0x00000000fe800000, 0x00000000fe900000, 0x00000000fe900000|100%| O|  |TAMS 0x00000000fe900000| PB 0x00000000fe900000| Untracked 
|2025|0x00000000fe900000, 0x00000000fea00000, 0x00000000fea00000|100%| O|  |TAMS 0x00000000fea00000| PB 0x00000000fea00000| Untracked 
|2026|0x00000000fea00000, 0x00000000feb00000, 0x00000000feb00000|100%| O|  |TAMS 0x00000000feb00000| PB 0x00000000feb00000| Updating 
|2027|0x00000000feb00000, 0x00000000fec00000, 0x00000000fec00000|100%| O|  |TAMS 0x00000000fec00000| PB 0x00000000fec00000| Updating 
|2028|0x00000000fec00000, 0x00000000fed00000, 0x00000000fed00000|100%| O|  |TAMS 0x00000000fed00000| PB 0x00000000fed00000| Untracked 
|2029|0x00000000fed00000, 0x00000000fee00000, 0x00000000fee00000|100%| O|  |TAMS 0x00000000fee00000| PB 0x00000000fee00000| Untracked 
|2030|0x00000000fee00000, 0x00000000fee00000, 0x00000000fef00000|  0%| F|  |TAMS 0x00000000fee00000| PB 0x00000000fee00000| Untracked 
|2031|0x00000000fef00000, 0x00000000ff000000, 0x00000000ff000000|100%| O|  |TAMS 0x00000000ff000000| PB 0x00000000ff000000| Untracked 
|2032|0x00000000ff000000, 0x00000000ff000000, 0x00000000ff100000|  0%| F|  |TAMS 0x00000000ff000000| PB 0x00000000ff000000| Untracked 
|2033|0x00000000ff100000, 0x00000000ff100000, 0x00000000ff200000|  0%| F|  |TAMS 0x00000000ff100000| PB 0x00000000ff100000| Untracked 
|2034|0x00000000ff200000, 0x00000000ff300000, 0x00000000ff300000|100%| O|  |TAMS 0x00000000ff300000| PB 0x00000000ff300000| Updating 
|2035|0x00000000ff300000, 0x00000000ff340920, 0x00000000ff400000| 25%| E|  |TAMS 0x00000000ff300000| PB 0x00000000ff300000| Complete 
|2036|0x00000000ff400000, 0x00000000ff500000, 0x00000000ff500000|100%| O|  |TAMS 0x00000000ff500000| PB 0x00000000ff500000| Updating 
|2037|0x00000000ff500000, 0x00000000ff600000, 0x00000000ff600000|100%| O|  |TAMS 0x00000000ff600000| PB 0x00000000ff600000| Updating 
|2038|0x00000000ff600000, 0x00000000ff700000, 0x00000000ff700000|100%| O|  |TAMS 0x00000000ff700000| PB 0x00000000ff700000| Untracked 
|2039|0x00000000ff700000, 0x00000000ff800000, 0x00000000ff800000|100%| O|  |TAMS 0x00000000ff800000| PB 0x00000000ff800000| Updating 
|2040|0x00000000ff800000, 0x00000000ff900000, 0x00000000ff900000|100%| O|  |TAMS 0x00000000ff900000| PB 0x00000000ff900000| Untracked 
|2041|0x00000000ff900000, 0x00000000ffa00000, 0x00000000ffa00000|100%| O|  |TAMS 0x00000000ffa00000| PB 0x00000000ffa00000| Untracked 
|2042|0x00000000ffa00000, 0x00000000ffb00000, 0x00000000ffb00000|100%| O|  |TAMS 0x00000000ffb00000| PB 0x00000000ffb00000| Untracked 
|2043|0x00000000ffb00000, 0x00000000ffc00000, 0x00000000ffc00000|100%| O|  |TAMS 0x00000000ffc00000| PB 0x00000000ffc00000| Untracked 
|2044|0x00000000ffc00000, 0x00000000ffd00000, 0x00000000ffd00000|100%| O|  |TAMS 0x00000000ffd00000| PB 0x00000000ffd00000| Untracked 
|2045|0x00000000ffd00000, 0x00000000ffe00000, 0x00000000ffe00000|100%| O|  |TAMS 0x00000000ffe00000| PB 0x00000000ffe00000| Untracked 
|2046|0x00000000ffe00000, 0x00000000fff00000, 0x00000000fff00000|100%| O|  |TAMS 0x00000000fff00000| PB 0x00000000fff00000| Untracked 
|2047|0x00000000fff00000, 0x0000000100000000, 0x0000000100000000|100%| O|  |TAMS 0x0000000100000000| PB 0x0000000100000000| Untracked 

Card table byte_map: [0x00000274cf1b0000,0x00000274cf5b0000] _byte_map_base: 0x00000274cedb0000

Marking Bits: (CMBitMap*) 0x00000274b71272e0
 Bits: [0x00000274cf5b0000, 0x00000274d15b0000)

Polling page: 0x00000274b5210000

Metaspace:

Usage:
  Non-class:    158.01 MB used.
      Class:     22.93 MB used.
       Both:    180.94 MB used.

Virtual space:
  Non-class space:      192.00 MB reserved,     159.62 MB ( 83%) committed,  3 nodes.
      Class space:      416.00 MB reserved,      24.50 MB (  6%) committed,  1 nodes.
             Both:      608.00 MB reserved,     184.12 MB ( 30%) committed. 

Chunk freelists:
   Non-Class:  160.00 KB
       Class:  7.54 MB
        Both:  7.70 MB

MaxMetaspaceSize: 512.00 MB
CompressedClassSpaceSize: 416.00 MB
Initial GC threshold: 21.00 MB
Current GC threshold: 299.81 MB
CDS: on
 - commit_granule_bytes: 65536.
 - commit_granule_words: 8192.
 - virtual_space_node_default_size: 8388608.
 - enlarge_chunks_in_place: 1.
 - use_allocation_guard: 0.


Internal statistics:

num_allocs_failed_limit: 12.
num_arena_births: 5670.
num_arena_deaths: 120.
num_vsnodes_births: 4.
num_vsnodes_deaths: 0.
num_space_committed: 2944.
num_space_uncommitted: 0.
num_chunks_returned_to_freelist: 197.
num_chunks_taken_from_freelist: 13846.
num_chunk_merges: 61.
num_chunk_splits: 9364.
num_chunks_enlarged: 6349.
num_inconsistent_stats: 0.

CodeHeap 'non-profiled nmethods': size=119168Kb used=9596Kb max_used=10781Kb free=109571Kb
 bounds [0x00000274c70c0000, 0x00000274c7b50000, 0x00000274ce520000]
CodeHeap 'profiled nmethods': size=119104Kb used=44735Kb max_used=48636Kb free=74368Kb
 bounds [0x00000274bf520000, 0x00000274c24b0000, 0x00000274c6970000]
CodeHeap 'non-nmethods': size=7488Kb used=4380Kb max_used=4631Kb free=3107Kb
 bounds [0x00000274c6970000, 0x00000274c6e90000, 0x00000274c70c0000]
 total_blobs=19315 nmethods=18060 adapters=1154
 compilation: enabled
              stopped_count=0, restarted_count=0
 full_count=0

Compilation events (20 events):
Event: 92.922 Thread 0x00000274fa27a020 nmethod 27144 0x00000274c24a0590 code [0x00000274c24a0840, 0x00000274c24a1670]
Event: 92.929 Thread 0x00000274fa27a020 27145   !   3       org.gradle.api.internal.tasks.properties.InputParameterUtils::prepareInputParameterValue (29 bytes)
Event: 92.929 Thread 0x00000274fa27a020 nmethod 27145 0x00000274c24a1c10 code [0x00000274c24a1e20, 0x00000274c24a24d0]
Event: 92.933 Thread 0x00000274fa27a020 27146       3       java.util.regex.Matcher::start (18 bytes)
Event: 92.934 Thread 0x00000274fa27a020 nmethod 27146 0x00000274c24a2790 code [0x00000274c24a2980, 0x00000274c24a2d50]
Event: 92.987 Thread 0x00000274d4631f60 27147       1       org.gradle.api.internal.AbstractTask::getLogger (5 bytes)
Event: 92.988 Thread 0x00000274d4631f60 nmethod 27147 0x00000274c7b43310 code [0x00000274c7b434a0, 0x00000274c7b43568]
Event: 92.988 Thread 0x00000274fa27a020 27148       3       org.gradle.execution.plan.Node::updateAllDependenciesComplete (15 bytes)
Event: 92.988 Thread 0x00000274fa27a020 nmethod 27148 0x00000274c24a2f10 code [0x00000274c24a30c0, 0x00000274c24a3410]
Event: 92.988 Thread 0x00000274fa27a020 27149       3       org.gradle.execution.plan.DefaultFinalizedExecutionPlan::maybeNodeReady (21 bytes)
Event: 92.989 Thread 0x00000274fa27a020 nmethod 27149 0x00000274c24a3510 code [0x00000274c24a36e0, 0x00000274c24a3b78]
Event: 92.989 Thread 0x00000274d4631f60 27150       3       org.gradle.execution.plan.DefaultFinalizedExecutionPlan::resourceUnlocked (23 bytes)
Event: 92.989 Thread 0x00000274d4631f60 nmethod 27150 0x00000274c24a3d10 code [0x00000274c24a3ee0, 0x00000274c24a42b8]
Event: 92.994 Thread 0x00000274d3ad0e90 nmethod 27126 0x00000274c7b43610 code [0x00000274c7b43aa0, 0x00000274c7b452d0]
Event: 92.994 Thread 0x00000274d3ad0e90 27129       4       java.lang.invoke.VarHandleByteArrayAsChars$ArrayHandle::index (12 bytes)
Event: 92.994 Thread 0x00000274d3ad0e90 nmethod 27129 0x00000274c7b46a10 code [0x00000274c7b46ba0, 0x00000274c7b46c68]
Event: 92.995 Thread 0x00000274d3ad0e90 27131  s    4       java.io.ByteArrayInputStream::read (36 bytes)
Event: 92.996 Thread 0x00000274d3ad0e90 nmethod 27131 0x00000274c7b46d10 code [0x00000274c7b46ea0, 0x00000274c7b470e0]
Event: 92.996 Thread 0x00000274d3ad0e90 27120       4       com.google.common.collect.SingletonImmutableBiMap::get (20 bytes)
Event: 92.998 Thread 0x00000274d3ad0e90 nmethod 27120 0x00000274c7b47210 code [0x00000274c7b473a0, 0x00000274c7b47468]

GC Heap History (20 events):
Event: 78.303 GC heap before
{Heap before GC invocations=47 (full 0):
 garbage-first heap   total 204800K, used 187481K [0x0000000080000000, 0x0000000100000000)
  region size 1024K, 49 young (50176K), 5 survivors (5120K)
 Metaspace       used 148202K, committed 151296K, reserved 557056K
  class space    used 19706K, committed 21248K, reserved 425984K
}
Event: 78.314 GC heap after
{Heap after GC invocations=48 (full 0):
 garbage-first heap   total 204800K, used 144556K [0x0000000080000000, 0x0000000100000000)
  region size 1024K, 7 young (7168K), 7 survivors (7168K)
 Metaspace       used 148202K, committed 151296K, reserved 557056K
  class space    used 19706K, committed 21248K, reserved 425984K
}
Event: 79.410 GC heap before
{Heap before GC invocations=49 (full 0):
 garbage-first heap   total 242688K, used 182444K [0x0000000080000000, 0x0000000100000000)
  region size 1024K, 45 young (46080K), 7 survivors (7168K)
 Metaspace       used 153200K, committed 156224K, reserved 622592K
  class space    used 20382K, committed 21888K, reserved 425984K
}
Event: 79.423 GC heap after
{Heap after GC invocations=50 (full 0):
 garbage-first heap   total 242688K, used 145993K [0x0000000080000000, 0x0000000100000000)
  region size 1024K, 6 young (6144K), 6 survivors (6144K)
 Metaspace       used 153200K, committed 156224K, reserved 622592K
  class space    used 20382K, committed 21888K, reserved 425984K
}
Event: 80.721 GC heap before
{Heap before GC invocations=50 (full 0):
 garbage-first heap   total 242688K, used 220745K [0x0000000080000000, 0x0000000100000000)
  region size 1024K, 78 young (79872K), 6 survivors (6144K)
 Metaspace       used 156913K, committed 159936K, reserved 622592K
  class space    used 20783K, committed 22272K, reserved 425984K
}
Event: 80.737 GC heap after
{Heap after GC invocations=51 (full 0):
 garbage-first heap   total 242688K, used 150118K [0x0000000080000000, 0x0000000100000000)
  region size 1024K, 10 young (10240K), 10 survivors (10240K)
 Metaspace       used 156913K, committed 159936K, reserved 622592K
  class space    used 20783K, committed 22272K, reserved 425984K
}
Event: 82.741 GC heap before
{Heap before GC invocations=51 (full 0):
 garbage-first heap   total 242688K, used 218726K [0x0000000080000000, 0x0000000100000000)
  region size 1024K, 77 young (78848K), 10 survivors (10240K)
 Metaspace       used 161623K, committed 164736K, reserved 622592K
  class space    used 21239K, committed 22784K, reserved 425984K
}
Event: 82.765 GC heap after
{Heap after GC invocations=52 (full 0):
 garbage-first heap   total 242688K, used 158669K [0x0000000080000000, 0x0000000100000000)
  region size 1024K, 9 young (9216K), 9 survivors (9216K)
 Metaspace       used 161623K, committed 164736K, reserved 622592K
  class space    used 21239K, committed 22784K, reserved 425984K
}
Event: 84.556 GC heap before
{Heap before GC invocations=53 (full 0):
 garbage-first heap   total 270336K, used 218061K [0x0000000080000000, 0x0000000100000000)
  region size 1024K, 67 young (68608K), 9 survivors (9216K)
 Metaspace       used 168695K, committed 171840K, reserved 622592K
  class space    used 22086K, committed 23616K, reserved 425984K
}
Event: 84.579 GC heap after
{Heap after GC invocations=54 (full 0):
 garbage-first heap   total 270336K, used 162199K [0x0000000080000000, 0x0000000100000000)
  region size 1024K, 4 young (4096K), 4 survivors (4096K)
 Metaspace       used 168695K, committed 171840K, reserved 622592K
  class space    used 22086K, committed 23616K, reserved 425984K
}
Event: 87.402 GC heap before
{Heap before GC invocations=54 (full 0):
 garbage-first heap   total 270336K, used 248215K [0x0000000080000000, 0x0000000100000000)
  region size 1024K, 88 young (90112K), 4 survivors (4096K)
 Metaspace       used 180822K, committed 184000K, reserved 622592K
  class space    used 23196K, committed 24768K, reserved 425984K
}
Event: 87.417 GC heap after
{Heap after GC invocations=55 (full 0):
 garbage-first heap   total 270336K, used 156706K [0x0000000080000000, 0x0000000100000000)
  region size 1024K, 6 young (6144K), 6 survivors (6144K)
 Metaspace       used 180822K, committed 184000K, reserved 622592K
  class space    used 23196K, committed 24768K, reserved 425984K
}
Event: 87.812 GC heap before
{Heap before GC invocations=55 (full 0):
 garbage-first heap   total 270336K, used 190498K [0x0000000080000000, 0x0000000100000000)
  region size 1024K, 40 young (40960K), 6 survivors (6144K)
 Metaspace       used 181006K, committed 184192K, reserved 622592K
  class space    used 23198K, committed 24768K, reserved 425984K
}
Event: 87.824 GC heap after
{Heap after GC invocations=56 (full 0):
 garbage-first heap   total 270336K, used 157798K [0x0000000080000000, 0x0000000100000000)
  region size 1024K, 7 young (7168K), 7 survivors (7168K)
 Metaspace       used 181006K, committed 184192K, reserved 622592K
  class space    used 23198K, committed 24768K, reserved 425984K
}
Event: 88.647 GC heap before
{Heap before GC invocations=57 (full 0):
 garbage-first heap   total 276480K, used 264294K [0x0000000080000000, 0x0000000100000000)
  region size 1024K, 95 young (97280K), 7 survivors (7168K)
 Metaspace       used 181098K, committed 184256K, reserved 622592K
  class space    used 23206K, committed 24768K, reserved 425984K
}
Event: 88.683 GC heap after
{Heap after GC invocations=58 (full 0):
 garbage-first heap   total 292864K, used 186598K [0x0000000080000000, 0x0000000100000000)
  region size 1024K, 12 young (12288K), 12 survivors (12288K)
 Metaspace       used 181098K, committed 184256K, reserved 622592K
  class space    used 23206K, committed 24768K, reserved 425984K
}
Event: 90.517 GC heap before
{Heap before GC invocations=58 (full 0):
 garbage-first heap   total 292864K, used 264422K [0x0000000080000000, 0x0000000100000000)
  region size 1024K, 88 young (90112K), 12 survivors (12288K)
 Metaspace       used 182975K, committed 186112K, reserved 622592K
  class space    used 23307K, committed 24832K, reserved 425984K
}
Event: 90.555 GC heap after
{Heap after GC invocations=59 (full 0):
 garbage-first heap   total 294912K, used 200180K [0x0000000080000000, 0x0000000100000000)
  region size 1024K, 11 young (11264K), 11 survivors (11264K)
 Metaspace       used 182975K, committed 186112K, reserved 622592K
  class space    used 23307K, committed 24832K, reserved 425984K
}
Event: 92.955 GC heap before
{Heap before GC invocations=59 (full 0):
 garbage-first heap   total 294912K, used 267764K [0x0000000080000000, 0x0000000100000000)
  region size 1024K, 77 young (78848K), 11 survivors (11264K)
 Metaspace       used 185281K, committed 188544K, reserved 622592K
  class space    used 23485K, committed 25088K, reserved 425984K
}
Event: 92.977 GC heap after
{Heap after GC invocations=60 (full 0):
 garbage-first heap   total 294912K, used 201380K [0x0000000080000000, 0x0000000100000000)
  region size 1024K, 8 young (8192K), 8 survivors (8192K)
 Metaspace       used 185281K, committed 188544K, reserved 622592K
  class space    used 23485K, committed 25088K, reserved 425984K
}

Dll operation events (16 events):
Event: 0.008 Loaded shared library C:\Program Files\Java\bin\java.dll
Event: 0.043 Loaded shared library C:\Program Files\Java\bin\jsvml.dll
Event: 0.071 Loaded shared library C:\Program Files\Java\bin\zip.dll
Event: 0.073 Loaded shared library C:\Program Files\Java\bin\instrument.dll
Event: 0.076 Loaded shared library C:\Program Files\Java\bin\net.dll
Event: 0.077 Loaded shared library C:\Program Files\Java\bin\nio.dll
Event: 0.080 Loaded shared library C:\Program Files\Java\bin\zip.dll
Event: 0.259 Loaded shared library C:\Program Files\Java\bin\jimage.dll
Event: 0.350 Loaded shared library C:\Program Files\Java\bin\verify.dll
Event: 0.426 Loaded shared library C:\Users\thera\.gradle\native\1def1411415f61bf3af743bc5b6707747c0891f09f0c88961ee8f79bc544acac\windows-amd64\native-platform.dll
Event: 0.436 Loaded shared library C:\Users\thera\.gradle\native\0.2.7\x86_64-windows-gnu\gradle-fileevents.dll
Event: 1.173 Loaded shared library C:\Program Files\Java\bin\management.dll
Event: 1.175 Loaded shared library C:\Program Files\Java\bin\management_ext.dll
Event: 1.273 Loaded shared library C:\Program Files\Java\bin\extnet.dll
Event: 1.423 Loaded shared library C:\Program Files\Java\bin\sunmscapi.dll
Event: 51.472 Loaded shared library C:\Program Files\Java\bin\rmi.dll

Deoptimization events (20 events):
Event: 92.717 Thread 0x000002748d71fd00 Uncommon trap: trap_request=0xffffff45 fr.pc=0x00000274c7604b9c relative=0x000000000000007c
Event: 92.717 Thread 0x000002748d71fd00 Uncommon trap: reason=unstable_if action=reinterpret pc=0x00000274c7604b9c method=com.google.common.cache.LocalCache.isExpired(Lcom/google/common/cache/ReferenceEntry;J)Z @ 9 c2
Event: 92.717 Thread 0x000002748d71fd00 DEOPT PACKING pc=0x00000274c7604b9c sp=0x0000009af69f8f40
Event: 92.717 Thread 0x000002748d71fd00 DEOPT UNPACKING pc=0x00000274c69c46a2 sp=0x0000009af69f8ef0 mode 2
Event: 92.762 Thread 0x00000274f7a83f70 Uncommon trap: trap_request=0xffffff45 fr.pc=0x00000274c75dfdd4 relative=0x0000000000000394
Event: 92.762 Thread 0x00000274f7a83f70 Uncommon trap: reason=unstable_if action=reinterpret pc=0x00000274c75dfdd4 method=java.util.concurrent.ConcurrentLinkedQueue.offer(Ljava/lang/Object;)Z @ 42 c2
Event: 92.762 Thread 0x00000274f7a83f70 DEOPT PACKING pc=0x00000274c75dfdd4 sp=0x0000009af2cfc820
Event: 92.762 Thread 0x00000274f7a83f70 DEOPT UNPACKING pc=0x00000274c69c46a2 sp=0x0000009af2cfc7c0 mode 2
Event: 92.864 Thread 0x00000274f7a74ca0 Uncommon trap: trap_request=0xffffff45 fr.pc=0x00000274c7912824 relative=0x0000000000001064
Event: 92.864 Thread 0x00000274f7a74ca0 Uncommon trap: reason=unstable_if action=reinterpret pc=0x00000274c7912824 method=java.nio.file.FileTreeWalker.visit(Ljava/nio/file/Path;ZZ)Ljava/nio/file/FileTreeWalker$Event; @ 84 c2
Event: 92.864 Thread 0x00000274f7a74ca0 DEOPT PACKING pc=0x00000274c7912824 sp=0x0000009af0ef96b0
Event: 92.864 Thread 0x00000274f7a74ca0 DEOPT UNPACKING pc=0x00000274c69c46a2 sp=0x0000009af0ef95e0 mode 2
Event: 92.899 Thread 0x00000274f7a74ca0 Uncommon trap: trap_request=0xffffff45 fr.pc=0x00000274c7345b84 relative=0x0000000000000064
Event: 92.899 Thread 0x00000274f7a74ca0 Uncommon trap: reason=unstable_if action=reinterpret pc=0x00000274c7345b84 method=kotlin.jvm.JvmClassMappingKt.getJavaObjectType(Lkotlin/reflect/KClass;)Ljava/lang/Class; @ 20 c2
Event: 92.899 Thread 0x00000274f7a74ca0 DEOPT PACKING pc=0x00000274c7345b84 sp=0x0000009af0efa8c0
Event: 92.899 Thread 0x00000274f7a74ca0 DEOPT UNPACKING pc=0x00000274c69c46a2 sp=0x0000009af0efa848 mode 2
Event: 92.933 Thread 0x00000274fa0c5670 Uncommon trap: trap_request=0xffffffd6 fr.pc=0x00000274c759d5a8 relative=0x0000000000000828
Event: 92.933 Thread 0x00000274fa0c5670 Uncommon trap: reason=array_check action=maybe_recompile pc=0x00000274c759d5a8 method=java.util.ComparableTimSort.binarySort([Ljava/lang/Object;III)V @ 193 c2
Event: 92.933 Thread 0x00000274fa0c5670 DEOPT PACKING pc=0x00000274c759d5a8 sp=0x0000009af4bfd8d0
Event: 92.933 Thread 0x00000274fa0c5670 DEOPT UNPACKING pc=0x00000274c69c46a2 sp=0x0000009af4bfd870 mode 2

Classes loaded (20 events):
Event: 79.641 Loading class java/util/EnumMap$EntryIterator
Event: 79.641 Loading class java/util/EnumMap$EnumMapIterator
Event: 79.642 Loading class java/util/EnumMap$EnumMapIterator done
Event: 79.642 Loading class java/util/EnumMap$EntryIterator done
Event: 79.642 Loading class java/util/EnumMap$EntryIterator$Entry
Event: 79.643 Loading class java/util/EnumMap$EntryIterator$Entry done
Event: 83.005 Loading class java/text/MessageFormat
Event: 83.006 Loading class java/text/MessageFormat done
Event: 83.015 Loading class jdk/internal/reflect/MethodHandleBooleanFieldAccessorImpl
Event: 83.016 Loading class jdk/internal/reflect/MethodHandleBooleanFieldAccessorImpl done
Event: 83.076 Loading class java/text/ChoiceFormat
Event: 83.076 Loading class java/text/ChoiceFormat done
Event: 83.097 Loading class java/lang/invoke/DirectMethodHandle$1
Event: 83.097 Loading class java/lang/invoke/DirectMethodHandle$1 done
Event: 83.112 Loading class java/text/MessageFormat$Field
Event: 83.112 Loading class java/text/MessageFormat$Field done
Event: 92.168 Loading class java/util/Collections$ReverseComparator
Event: 92.169 Loading class java/util/Collections$ReverseComparator done
Event: 92.169 Loading class java/util/Collections$ReverseComparator2
Event: 92.169 Loading class java/util/Collections$ReverseComparator2 done

Classes unloaded (20 events):
Event: 69.766 Thread 0x00000274d3a8f980 Unloading class 0x00000274d6edb400 'java/lang/invoke/LambdaForm$MH+0x00000274d6edb400'
Event: 69.766 Thread 0x00000274d3a8f980 Unloading class 0x00000274d6edac00 'java/lang/invoke/LambdaForm$MH+0x00000274d6edac00'
Event: 69.766 Thread 0x00000274d3a8f980 Unloading class 0x00000274d6eda400 'java/lang/invoke/LambdaForm$MH+0x00000274d6eda400'
Event: 69.766 Thread 0x00000274d3a8f980 Unloading class 0x00000274d6eda000 'java/lang/invoke/LambdaForm$MH+0x00000274d6eda000'
Event: 69.766 Thread 0x00000274d3a8f980 Unloading class 0x00000274d6ed9c00 'java/lang/invoke/LambdaForm$DMH+0x00000274d6ed9c00'
Event: 69.766 Thread 0x00000274d3a8f980 Unloading class 0x00000274d6ed9400 'java/lang/invoke/LambdaForm$MH+0x00000274d6ed9400'
Event: 69.766 Thread 0x00000274d3a8f980 Unloading class 0x00000274d6ed8c00 'java/lang/invoke/LambdaForm$MH+0x00000274d6ed8c00'
Event: 69.766 Thread 0x00000274d3a8f980 Unloading class 0x00000274d6ed8400 'java/lang/invoke/LambdaForm$MH+0x00000274d6ed8400'
Event: 69.766 Thread 0x00000274d3a8f980 Unloading class 0x00000274d6ed7800 'java/lang/invoke/LambdaForm$MH+0x00000274d6ed7800'
Event: 69.766 Thread 0x00000274d3a8f980 Unloading class 0x00000274d6ed7c00 'java/lang/invoke/LambdaForm$MH+0x00000274d6ed7c00'
Event: 69.766 Thread 0x00000274d3a8f980 Unloading class 0x00000274d6ed7000 'java/lang/invoke/LambdaForm$MH+0x00000274d6ed7000'
Event: 69.766 Thread 0x00000274d3a8f980 Unloading class 0x00000274d6ed6800 'java/lang/invoke/LambdaForm$MH+0x00000274d6ed6800'
Event: 69.766 Thread 0x00000274d3a8f980 Unloading class 0x00000274d6ed6c00 'java/lang/invoke/LambdaForm$MH+0x00000274d6ed6c00'
Event: 69.766 Thread 0x00000274d3a8f980 Unloading class 0x00000274d6ed6400 'java/lang/invoke/LambdaForm$MH+0x00000274d6ed6400'
Event: 69.766 Thread 0x00000274d3a8f980 Unloading class 0x00000274d6ed6000 'java/lang/invoke/LambdaForm$MH+0x00000274d6ed6000'
Event: 69.766 Thread 0x00000274d3a8f980 Unloading class 0x00000274d6ed5400 'java/lang/invoke/LambdaForm$MH+0x00000274d6ed5400'
Event: 69.766 Thread 0x00000274d3a8f980 Unloading class 0x00000274d6ed5000 'java/lang/invoke/LambdaForm$MH+0x00000274d6ed5000'
Event: 69.766 Thread 0x00000274d3a8f980 Unloading class 0x00000274d6ed4800 'java/lang/invoke/LambdaForm$MH+0x00000274d6ed4800'
Event: 69.766 Thread 0x00000274d3a8f980 Unloading class 0x00000274d6ed4000 'java/lang/invoke/LambdaForm$MH+0x00000274d6ed4000'
Event: 69.766 Thread 0x00000274d3a8f980 Unloading class 0x00000274d6ec4400 'java/lang/invoke/LambdaForm$DMH+0x00000274d6ec4400'

Classes redefined (0 events):
No events

Internal exceptions (20 events):
Event: 91.810 Thread 0x00000274f5b69dd0 Exception <a 'java/lang/ClassNotFoundException'{0x000000008e49e540}: org/gradle/api/internal/project/ProjectScriptCustomizer> (0x000000008e49e540) 
thrown [s\open\src\hotspot\share\classfile\systemDictionary.cpp, line 312]
Event: 91.812 Thread 0x00000274f5b69dd0 Exception <a 'java/lang/ClassNotFoundException'{0x000000008e4b6890}: build_2723668f879evj8dwy1t11b2sCustomizer> (0x000000008e4b6890) 
thrown [s\open\src\hotspot\share\classfile\systemDictionary.cpp, line 312]
Event: 91.840 Thread 0x00000274f5b69dd0 Exception <a 'java/lang/ClassNotFoundException'{0x000000008df0e5a0}: org/gradle/api/internal/artifacts/dsl/DefaultRepositoryHandler_DecoratedBeanInfo> (0x000000008df0e5a0) 
thrown [s\open\src\hotspot\share\classfile\systemDictionary.cpp, line 312]
Event: 91.841 Thread 0x00000274f5b69dd0 Exception <a 'java/lang/ClassNotFoundException'{0x000000008df27a48}: org/gradle/api/internal/artifacts/dsl/DefaultRepositoryHandlerBeanInfo> (0x000000008df27a48) 
thrown [s\open\src\hotspot\share\classfile\systemDictionary.cpp, line 312]
Event: 91.842 Thread 0x00000274f5b69dd0 Exception <a 'java/lang/ClassNotFoundException'{0x000000008df41710}: org/gradle/api/internal/artifacts/DefaultArtifactRepositoryContainerBeanInfo> (0x000000008df41710) 
thrown [s\open\src\hotspot\share\classfile\systemDictionary.cpp, line 312]
Event: 91.844 Thread 0x00000274f5b69dd0 Exception <a 'java/lang/ClassNotFoundException'{0x000000008df588d0}: org/gradle/api/internal/DefaultNamedDomainObjectListBeanInfo> (0x000000008df588d0) 
thrown [s\open\src\hotspot\share\classfile\systemDictionary.cpp, line 312]
Event: 91.845 Thread 0x00000274f5b69dd0 Exception <a 'java/lang/ClassNotFoundException'{0x000000008df707c0}: org/gradle/api/internal/DefaultNamedDomainObjectCollectionBeanInfo> (0x000000008df707c0) 
thrown [s\open\src\hotspot\share\classfile\systemDictionary.cpp, line 312]
Event: 91.846 Thread 0x00000274f5b69dd0 Exception <a 'java/lang/ClassNotFoundException'{0x000000008df883c0}: org/gradle/api/internal/DefaultNamedDomainObjectCollectionCustomizer> (0x000000008df883c0) 
thrown [s\open\src\hotspot\share\classfile\systemDictionary.cpp, line 312]
Event: 91.849 Thread 0x00000274f5b69dd0 Exception <a 'java/lang/ClassNotFoundException'{0x000000008dfd57f8}: org/gradle/api/internal/DefaultNamedDomainObjectListCustomizer> (0x000000008dfd57f8) 
thrown [s\open\src\hotspot\share\classfile\systemDictionary.cpp, line 312]
Event: 91.851 Thread 0x00000274f5b69dd0 Exception <a 'java/lang/ClassNotFoundException'{0x000000008de24ba0}: org/gradle/api/internal/artifacts/DefaultArtifactRepositoryContainerCustomizer> (0x000000008de24ba0) 
thrown [s\open\src\hotspot\share\classfile\systemDictionary.cpp, line 312]
Event: 91.853 Thread 0x00000274f5b69dd0 Exception <a 'java/lang/ClassNotFoundException'{0x000000008de6fec0}: org/gradle/api/internal/artifacts/dsl/DefaultRepositoryHandlerCustomizer> (0x000000008de6fec0) 
thrown [s\open\src\hotspot\share\classfile\systemDictionary.cpp, line 312]
Event: 91.856 Thread 0x00000274f5b69dd0 Exception <a 'java/lang/ClassNotFoundException'{0x000000008deca580}: org/gradle/api/internal/artifacts/dsl/DefaultRepositoryHandler_DecoratedCustomizer> (0x000000008deca580) 
thrown [s\open\src\hotspot\share\classfile\systemDictionary.cpp, line 312]
Event: 91.879 Thread 0x00000274f5b69dd0 Exception <a 'java/lang/ClassNotFoundException'{0x000000008dd710f8}: org/gradle/api/internal/artifacts/dsl/dependencies/DefaultDependencyHandler_DecoratedBeanInfo> (0x000000008dd710f8) 
thrown [s\open\src\hotspot\share\classfile\systemDictionary.cpp, line 312]
Event: 91.880 Thread 0x00000274f5b69dd0 Exception <a 'java/lang/ClassNotFoundException'{0x000000008dd8ae38}: org/gradle/api/internal/artifacts/dsl/dependencies/DefaultDependencyHandlerBeanInfo> (0x000000008dd8ae38) 
thrown [s\open\src\hotspot\share\classfile\systemDictionary.cpp, line 312]
Event: 91.881 Thread 0x00000274f5b69dd0 Exception <a 'java/lang/ClassNotFoundException'{0x000000008dda48e8}: org/gradle/api/internal/artifacts/dsl/dependencies/DefaultDependencyHandlerCustomizer> (0x000000008dda48e8) 
thrown [s\open\src\hotspot\share\classfile\systemDictionary.cpp, line 312]
Event: 91.884 Thread 0x00000274f5b69dd0 Exception <a 'java/lang/ClassNotFoundException'{0x000000008ddf1810}: org/gradle/api/internal/artifacts/dsl/dependencies/DefaultDependencyHandler_DecoratedCustomizer> (0x000000008ddf1810) 
thrown [s\open\src\hotspot\share\classfile\systemDictionary.cpp, line 312]
Event: 92.851 Thread 0x000002748d71fd00 Exception <a 'sun/nio/fs/WindowsException'{0x000000008bdb18f8}> (0x000000008bdb18f8) 
thrown [s\open\src\hotspot\share\prims\jni.cpp, line 520]
Event: 92.851 Thread 0x000002748d71fd00 Exception <a 'sun/nio/fs/WindowsException'{0x000000008bdb42d8}> (0x000000008bdb42d8) 
thrown [s\open\src\hotspot\share\prims\jni.cpp, line 520]
Event: 92.852 Thread 0x000002748d71fd00 Exception <a 'sun/nio/fs/WindowsException'{0x000000008bdb6938}> (0x000000008bdb6938) 
thrown [s\open\src\hotspot\share\prims\jni.cpp, line 520]
Event: 92.852 Thread 0x000002748d71fd00 Exception <a 'sun/nio/fs/WindowsException'{0x000000008bdb8c00}> (0x000000008bdb8c00) 
thrown [s\open\src\hotspot\share\prims\jni.cpp, line 520]

ZGC Phase Switch (0 events):
No events

VM Operations (20 events):
Event: 90.753 Executing VM operation: ICBufferFull done
Event: 90.936 Executing VM operation: ICBufferFull
Event: 90.936 Executing VM operation: ICBufferFull done
Event: 90.964 Executing VM operation: HandshakeAllThreads (Deoptimize)
Event: 90.964 Executing VM operation: HandshakeAllThreads (Deoptimize) done
Event: 91.075 Executing VM operation: ICBufferFull
Event: 91.075 Executing VM operation: ICBufferFull done
Event: 91.780 Executing VM operation: ICBufferFull
Event: 91.780 Executing VM operation: ICBufferFull done
Event: 91.947 Executing VM operation: HandshakeAllThreads (Deoptimize)
Event: 91.947 Executing VM operation: HandshakeAllThreads (Deoptimize) done
Event: 92.304 Executing VM operation: ICBufferFull
Event: 92.304 Executing VM operation: ICBufferFull done
Event: 92.345 Executing VM operation: HandshakeAllThreads (Deoptimize)
Event: 92.346 Executing VM operation: HandshakeAllThreads (Deoptimize) done
Event: 92.615 Executing VM operation: ICBufferFull
Event: 92.617 Executing VM operation: ICBufferFull done
Event: 92.939 Executing VM operation: G1CollectForAllocation (G1 Evacuation Pause)
Event: 92.998 Executing VM operation: G1CollectForAllocation (G1 Evacuation Pause) done
Event: 93.126 Executing VM operation: G1PauseRemark

Events (20 events):
Event: 93.191 Thread 0x00000274d3a8f980 flushing nmethod 0x00000274c7101f90
Event: 93.191 Thread 0x00000274d3a8f980 flushing nmethod 0x00000274c7101c90
Event: 93.191 Thread 0x00000274d3a8f980 flushing nmethod 0x00000274c7101990
Event: 93.191 Thread 0x00000274d3a8f980 flushing nmethod 0x00000274c70fe890
Event: 93.191 Thread 0x00000274d3a8f980 flushing nmethod 0x00000274c70fe590
Event: 93.191 Thread 0x00000274d3a8f980 flushing nmethod 0x00000274c70fe090
Event: 93.191 Thread 0x00000274d3a8f980 flushing nmethod 0x00000274c70fb590
Event: 93.191 Thread 0x00000274d3a8f980 flushing nmethod 0x00000274c70fa410
Event: 93.191 Thread 0x00000274d3a8f980 flushing nmethod 0x00000274c70fa090
Event: 93.191 Thread 0x00000274d3a8f980 flushing nmethod 0x00000274c70ebc90
Event: 93.191 Thread 0x00000274d3a8f980 flushing nmethod 0x00000274c70eb510
Event: 93.191 Thread 0x00000274d3a8f980 flushing nmethod 0x00000274c70dd290
Event: 93.191 Thread 0x00000274d3a8f980 flushing nmethod 0x00000274c70dcb90
Event: 93.191 Thread 0x00000274d3a8f980 flushing nmethod 0x00000274c70dba90
Event: 93.191 Thread 0x00000274d3a8f980 flushing nmethod 0x00000274c70db610
Event: 93.191 Thread 0x00000274d3a8f980 flushing nmethod 0x00000274c70d0690
Event: 93.191 Thread 0x00000274d3a8f980 flushing nmethod 0x00000274c70cb110
Event: 93.191 Thread 0x00000274d3a8f980 flushing nmethod 0x00000274c70cc710
Event: 93.191 Thread 0x00000274d3a8f980 flushing nmethod 0x00000274c70cb410
Event: 93.191 Thread 0x00000274d3a8f980 flushing nmethod 0x00000274c70c1910


Dynamic libraries:
0x00007ff65ad70000 - 0x00007ff65ad80000 	C:\Program Files\Java\bin\java.exe
0x00007ffb0c780000 - 0x00007ffb0c9e6000 	C:\WINDOWS\SYSTEM32\ntdll.dll
0x00007ffb0b740000 - 0x00007ffb0b809000 	C:\WINDOWS\System32\KERNEL32.DLL
0x00007ffb09eb0000 - 0x00007ffb0a2ae000 	C:\WINDOWS\System32\KERNELBASE.dll
0x00007ffb09c10000 - 0x00007ffb09d5c000 	C:\WINDOWS\System32\ucrtbase.dll
0x00007ffae1b90000 - 0x00007ffae1ba9000 	C:\Program Files\Java\bin\jli.dll
0x00007ffaf5750000 - 0x00007ffaf576b000 	C:\Program Files\Java\bin\VCRUNTIME140.dll
0x00007ffb0a4b0000 - 0x00007ffb0a567000 	C:\WINDOWS\System32\ADVAPI32.dll
0x00007ffb0b600000 - 0x00007ffb0b6a9000 	C:\WINDOWS\System32\msvcrt.dll
0x00007ffb0c690000 - 0x00007ffb0c73a000 	C:\WINDOWS\System32\sechost.dll
0x00007ffb0acf0000 - 0x00007ffb0ae08000 	C:\WINDOWS\System32\RPCRT4.dll
0x00007ffb0c0f0000 - 0x00007ffb0c2b7000 	C:\WINDOWS\System32\USER32.dll
0x00007ffb099a0000 - 0x00007ffb099c7000 	C:\WINDOWS\System32\win32u.dll
0x00007ffaf0050000 - 0x00007ffaf02e2000 	C:\WINDOWS\WinSxS\amd64_microsoft.windows.common-controls_6595b64144ccf1df_6.0.26100.8875_none_3e0d5d42e32fe9dd\COMCTL32.dll
0x00007ffb0b910000 - 0x00007ffb0b93b000 	C:\WINDOWS\System32\GDI32.dll
0x00007ffb0a2c0000 - 0x00007ffb0a3ea000 	C:\WINDOWS\System32\gdi32full.dll
0x00007ffb09d70000 - 0x00007ffb09e13000 	C:\WINDOWS\System32\msvcp_win.dll
0x00007ffaefd00000 - 0x00007ffaefd0b000 	C:\WINDOWS\SYSTEM32\VERSION.dll
0x00007ffb0c430000 - 0x00007ffb0c462000 	C:\WINDOWS\System32\IMM32.DLL
0x00007ffb01630000 - 0x00007ffb0163c000 	C:\Program Files\Java\bin\vcruntime140_1.dll
0x00007ffa99b10000 - 0x00007ffa99b9e000 	C:\Program Files\Java\bin\msvcp140.dll
0x00007ffa31500000 - 0x00007ffa32215000 	C:\Program Files\Java\bin\server\jvm.dll
0x00007ffb0b6b0000 - 0x00007ffb0b730000 	C:\WINDOWS\System32\WS2_32.dll
0x00007ffb09800000 - 0x00007ffb0985e000 	C:\WINDOWS\SYSTEM32\POWRPROF.dll
0x00007ffafd940000 - 0x00007ffafd976000 	C:\WINDOWS\SYSTEM32\WINMM.dll
0x00007ffb097e0000 - 0x00007ffb097f4000 	C:\WINDOWS\SYSTEM32\UMPDC.dll
0x00007ffb08680000 - 0x00007ffb0869b000 	C:\WINDOWS\SYSTEM32\kernel.appcore.dll
0x00007ffaf5f60000 - 0x00007ffaf5f6a000 	C:\Program Files\Java\bin\jimage.dll
0x00007ffb070c0000 - 0x00007ffb07302000 	C:\WINDOWS\SYSTEM32\DBGHELP.DLL
0x00007ffb0a5e0000 - 0x00007ffb0a963000 	C:\WINDOWS\System32\combase.dll
0x00007ffb0afb0000 - 0x00007ffb0b089000 	C:\WINDOWS\System32\OLEAUT32.dll
0x00007ffaedd30000 - 0x00007ffaedd6b000 	C:\WINDOWS\SYSTEM32\dbgcore.DLL
0x00007ffb09b50000 - 0x00007ffb09bfc000 	C:\WINDOWS\System32\bcryptPrimitives.dll
0x00007ffae68b0000 - 0x00007ffae68bf000 	C:\Program Files\Java\bin\instrument.dll
0x00007ffae1b70000 - 0x00007ffae1b8f000 	C:\Program Files\Java\bin\java.dll
0x00007ffb0b940000 - 0x00007ffb0c0d2000 	C:\WINDOWS\System32\SHELL32.dll
0x00007ffb07420000 - 0x00007ffb07cb2000 	C:\WINDOWS\SYSTEM32\windows.storage.dll
0x00007ffb0b810000 - 0x00007ffb0b907000 	C:\WINDOWS\System32\SHCORE.dll
0x00007ffb0a570000 - 0x00007ffb0a5d7000 	C:\WINDOWS\System32\shlwapi.dll
0x00007ffb098c0000 - 0x00007ffb098e9000 	C:\WINDOWS\SYSTEM32\profapi.dll
0x00007ffa5ba00000 - 0x00007ffa5bad7000 	C:\Program Files\Java\bin\jsvml.dll
0x00007ffacf9d0000 - 0x00007ffacf9e8000 	C:\Program Files\Java\bin\zip.dll
0x00007ffadf0d0000 - 0x00007ffadf0e0000 	C:\Program Files\Java\bin\net.dll
0x00007ffaf9120000 - 0x00007ffaf9247000 	C:\WINDOWS\SYSTEM32\WINHTTP.dll
0x00007ffb08c30000 - 0x00007ffb08c9c000 	C:\WINDOWS\system32\mswsock.dll
0x00007ffacf9b0000 - 0x00007ffacf9c6000 	C:\Program Files\Java\bin\nio.dll
0x00007ffadefe0000 - 0x00007ffadeff0000 	C:\Program Files\Java\bin\verify.dll
0x00007ffaf21d0000 - 0x00007ffaf21f7000 	C:\Users\thera\.gradle\native\1def1411415f61bf3af743bc5b6707747c0891f09f0c88961ee8f79bc544acac\windows-amd64\native-platform.dll
0x00007ffa5d2b0000 - 0x00007ffa5d328000 	C:\Users\thera\.gradle\native\0.2.7\x86_64-windows-gnu\gradle-fileevents.dll
0x00007ffadef80000 - 0x00007ffadef8a000 	C:\Program Files\Java\bin\management.dll
0x00007ffad41b0000 - 0x00007ffad41bb000 	C:\Program Files\Java\bin\management_ext.dll
0x00007ffb0c0e0000 - 0x00007ffb0c0e8000 	C:\WINDOWS\System32\PSAPI.DLL
0x00007ffb080c0000 - 0x00007ffb080f3000 	C:\WINDOWS\SYSTEM32\IPHLPAPI.DLL
0x00007ffb0c470000 - 0x00007ffb0c47a000 	C:\WINDOWS\System32\NSI.dll
0x00007ffad1fc0000 - 0x00007ffad1fc7000 	C:\Program Files\Java\bin\extnet.dll
0x00007ffb08f30000 - 0x00007ffb08f4b000 	C:\WINDOWS\SYSTEM32\CRYPTSP.dll
0x00007ffb085e0000 - 0x00007ffb08619000 	C:\WINDOWS\system32\rsaenh.dll
0x00007ffb08cf0000 - 0x00007ffb08d22000 	C:\WINDOWS\SYSTEM32\USERENV.dll
0x00007ffb09890000 - 0x00007ffb098ba000 	C:\WINDOWS\SYSTEM32\bcrypt.dll
0x00007ffb08f50000 - 0x00007ffb08f5c000 	C:\WINDOWS\SYSTEM32\CRYPTBASE.dll
0x00007ffad2420000 - 0x00007ffad242e000 	C:\Program Files\Java\bin\sunmscapi.dll
0x00007ffb099d0000 - 0x00007ffb09b48000 	C:\WINDOWS\System32\CRYPT32.dll
0x00007ffb09170000 - 0x00007ffb091a0000 	C:\WINDOWS\SYSTEM32\ncrypt.dll
0x00007ffb09120000 - 0x00007ffb0915f000 	C:\WINDOWS\SYSTEM32\NTASN1.dll
0x00007ffaf2570000 - 0x00007ffaf2578000 	C:\WINDOWS\system32\wshunix.dll
0x00007ffb087b0000 - 0x00007ffb087e6000 	C:\WINDOWS\SYSTEM32\ntmarta.dll
0x00007ffb08120000 - 0x00007ffb08276000 	C:\WINDOWS\SYSTEM32\DNSAPI.dll
0x00007ffb08a10000 - 0x00007ffb08a1d000 	C:\WINDOWS\SYSTEM32\DSPARSE.dll
0x00007ffafd480000 - 0x00007ffafd48b000 	C:\Windows\System32\rasadhlp.dll
0x00007ffaff7e0000 - 0x00007ffaff866000 	C:\WINDOWS\System32\fwpuclnt.dll
0x00007ffb03df0000 - 0x00007ffb03e90000 	C:\WINDOWS\system32\apphelp.dll
0x00007ffad0dc0000 - 0x00007ffad0dc7000 	C:\Program Files\Java\bin\rmi.dll

dbghelp: loaded successfully - version: 4.0.5 - missing functions: none
symbol engine: initialized successfully - sym options: 0x614 - pdb path: .;C:\Program Files\Java\bin;C:\WINDOWS\SYSTEM32;C:\WINDOWS\WinSxS\amd64_microsoft.windows.common-controls_6595b64144ccf1df_6.0.26100.8875_none_3e0d5d42e32fe9dd;C:\Program Files\Java\bin\server;C:\Users\thera\.gradle\native\1def1411415f61bf3af743bc5b6707747c0891f09f0c88961ee8f79bc544acac\windows-amd64;C:\Users\thera\.gradle\native\0.2.7\x86_64-windows-gnu

VM Arguments:
jvm_args: --add-opens=java.base/java.lang=ALL-UNNAMED --add-opens=java.base/java.lang.invoke=ALL-UNNAMED --add-opens=java.base/java.util=ALL-UNNAMED --add-opens=java.prefs/java.util.prefs=ALL-UNNAMED --add-exports=jdk.compiler/com.sun.tools.javac.api=ALL-UNNAMED --add-exports=jdk.compiler/com.sun.tools.javac.util=ALL-UNNAMED --add-opens=java.base/java.util=ALL-UNNAMED --add-opens=java.prefs/java.util.prefs=ALL-UNNAMED --add-opens=java.base/java.nio.charset=ALL-UNNAMED --add-opens=java.base/java.net=ALL-UNNAMED --add-opens=java.base/java.util.concurrent.atomic=ALL-UNNAMED --add-opens=java.xml/javax.xml.namespace=ALL-UNNAMED -XX:MaxMetaspaceSize=512m -Xmx2048m -Dfile.encoding=UTF-8 -Duser.country=IN -Duser.language=en -Duser.variant -javaagent:C:\Users\thera\.gradle\wrapper\dists\gradle-8.14.3-bin\cv11ve7ro1n3o1j4so8xd9n66\gradle-8.14.3\lib\agents\gradle-instrumentation-agent-8.14.3.jar 
java_command: org.gradle.launcher.daemon.bootstrap.GradleDaemon 8.14.3
java_class_path (initial): C:\Users\thera\.gradle\wrapper\dists\gradle-8.14.3-bin\cv11ve7ro1n3o1j4so8xd9n66\gradle-8.14.3\lib\gradle-daemon-main-8.14.3.jar
Launcher Type: SUN_STANDARD

[Global flags]
     intx CICompilerCount                          = 12                                        {product} {ergonomic}
   size_t CompressedClassSpaceSize                 = 436207616                                 {product} {ergonomic}
     uint ConcGCThreads                            = 3                                         {product} {ergonomic}
     uint G1ConcRefinementThreads                  = 13                                        {product} {ergonomic}
   size_t G1HeapRegionSize                         = 1048576                                   {product} {ergonomic}
    uintx GCDrainStackTargetSize                   = 64                                        {product} {ergonomic}
   size_t InitialHeapSize                          = 264241152                                 {product} {ergonomic}
   size_t MarkStackSize                            = 4194304                                   {product} {ergonomic}
   size_t MaxHeapSize                              = 2147483648                                {product} {command line}
   size_t MaxMetaspaceSize                         = 536870912                                 {product} {command line}
   size_t MaxNewSize                               = 1287651328                                {product} {ergonomic}
   size_t MinHeapDeltaBytes                        = 1048576                                   {product} {ergonomic}
   size_t MinHeapSize                              = 8388608                                   {product} {ergonomic}
    uintx NonNMethodCodeHeapSize                   = 7602480                                {pd product} {ergonomic}
    uintx NonProfiledCodeHeapSize                  = 122027880                              {pd product} {ergonomic}
    uintx ProfiledCodeHeapSize                     = 122027880                              {pd product} {ergonomic}
    uintx ReservedCodeCacheSize                    = 251658240                              {pd product} {ergonomic}
     bool SegmentedCodeCache                       = true                                      {product} {ergonomic}
   size_t SoftMaxHeapSize                          = 2147483648                             {manageable} {ergonomic}
     bool UseCompressedOops                        = true                           {product lp64_product} {ergonomic}
     bool UseG1GC                                  = true                                      {product} {ergonomic}
     bool UseLargePagesIndividualAllocation        = false                                  {pd product} {ergonomic}

Logging:
Log output configuration:
 #0: stdout all=warning uptime,level,tags foldmultilines=false
 #1: stderr all=off uptime,level,tags foldmultilines=false

Environment Variables:
JAVA_HOME=C:\Users\thera\AppData\Local\Programs\Eclipse Adoptium\jdk-17.0.9.9-hotspot\
PATH=C:\Python314\Scripts\;C:\Python314\;C:\Program Files\Eclipse Adoptium\jdk-21.0.1.12-hotspot\bin;C:\Program Files\Common Files\Oracle\Java\javapath;C:\Windows\system32;C:\Windows;C:\Windows\System32\Wbem;C:\Windows\System32\WindowsPowerShell\v1.0\;C:\Windows\System32\OpenSSH\;C:\Program Files\Java\bin;C:\Program Files\Git\cmd;C:\Program Files\MongoDB\Server\7.0\bin;C:\Program Files\PuTTY\;c:\Users\thera\AppData\Local\Programs\cursor\resources\app\bin;C:\Users\thera\Downloads\mongodb-database-tools-windows-x86_64-100.11.0 (1)\mongodb-database-tools-windows-x86_64-100.11.0\bin;C:\Program Files\ngrok;C:\Program Files\CMake\bin;C:\Program Files\dotnet\;C:\WINDOWS\system32;C:\WINDOWS;C:\WINDOWS\System32\Wbem;C:\WINDOWS\System32\WindowsPowerShell\v1.0\;C:\WINDOWS\System32\OpenSSH\;C:\Program Files\MySQL\MySQL Server 8.0\bin;C:\Users\thera\Downloads\Release-24.08.0-0\poppler-24.08.0\Library\bin;C:\Program Files\nodejs\;C:\ProgramData\chocolatey\bin;C:\Program Files\Docker\Docker\resources\bin;C:\Program Files\PostgreSQL\18\bin;C:\Program Files\MySQL\MySQL Shell 8.0\bin\;C:\Users\thera\AppData\Local\Programs\Python\Python312\Scripts\;C:\Users\thera\AppData\Local\Programs\Python\Python312\;C:\Users\thera\AppData\Local\Programs\Eclipse Adoptium\jdk-17.0.9.9-hotspot\bin;C:\Users\thera\AppData\Local\Microsoft\WindowsApps;C:\Program Files\JetBrains\PyCharm 2024.1.1\bin;;C:\Program Files\JetBrains\PyCharm Community Edition 2024.1.1\bin;;C:\Users\thera\AppData\Local\GitHubDesktop\bin;C:\Users\thera\AppData\Local\Programs\cursor\resources\app\bin;C:\Program Files\Tesseract-OCR;C:\Users\thera\.dotnet\tools;D:\Android;D:\Android\platform-tools;C:\Users\thera\AppData\Roaming\npm;C:\Users\thera\AppData\Local\Programs\Microsoft VS Code\bin
USERNAME=thera
OS=Windows_NT
PROCESSOR_IDENTIFIER=Intel64 Family 6 Model 154 Stepping 3, GenuineIntel
TMP=C:\Users\thera\AppData\Local\Temp
TEMP=C:\Users\thera\AppData\Local\Temp




Periodic native trim disabled

---------------  S Y S T E M  ---------------

OS:
 Windows 11 , 64 bit Build 26100 (10.0.26100.8875)
OS uptime: 0 days 9:42 hours
Hyper-V role detected

CPU: total 16 (initial active 16) (8 cores per cpu, 2 threads per core) family 6 model 154 stepping 3 microcode 0x424, cx8, cmov, fxsr, ht, mmx, 3dnowpref, sse, sse2, sse3, ssse3, sse4.1, sse4.2, popcnt, lzcnt, tsc, tscinvbit, avx, avx2, aes, erms, clmul, bmi1, bmi2, adx, sha, fma, vzeroupper, clflush, clflushopt, clwb, hv, serialize, rdtscp, rdpid, fsrm, f16c, cet_ibt, cet_ss
Processor Information for processor 0
  Max Mhz: 2300, Current Mhz: 2300, Mhz Limit: 2300
Processor Information for processor 1
  Max Mhz: 2300, Current Mhz: 2300, Mhz Limit: 2300
Processor Information for processor 2
  Max Mhz: 2300, Current Mhz: 2300, Mhz Limit: 2300
Processor Information for processor 3
  Max Mhz: 2300, Current Mhz: 2300, Mhz Limit: 2300
Processor Information for processor 4
  Max Mhz: 2300, Current Mhz: 2300, Mhz Limit: 2300
Processor Information for processor 5
  Max Mhz: 2300, Current Mhz: 2300, Mhz Limit: 2300
Processor Information for processor 6
  Max Mhz: 2300, Current Mhz: 2300, Mhz Limit: 2300
Processor Information for processor 7
  Max Mhz: 2300, Current Mhz: 2300, Mhz Limit: 2300
Processor Information for processor 8
  Max Mhz: 2300, Current Mhz: 1506, Mhz Limit: 2300
Processor Information for processor 9
  Max Mhz: 2300, Current Mhz: 2300, Mhz Limit: 2300
Processor Information for processor 10
  Max Mhz: 2300, Current Mhz: 2300, Mhz Limit: 2300
Processor Information for processor 11
  Max Mhz: 2300, Current Mhz: 2300, Mhz Limit: 2300
Processor Information for processor 12
  Max Mhz: 2300, Current Mhz: 1488, Mhz Limit: 2300
Processor Information for processor 13
  Max Mhz: 2300, Current Mhz: 2300, Mhz Limit: 2300
Processor Information for processor 14
  Max Mhz: 2300, Current Mhz: 2300, Mhz Limit: 2300
Processor Information for processor 15
  Max Mhz: 2300, Current Mhz: 1488, Mhz Limit: 2300

Memory: 4k page, system-wide physical 16077M (212M free)
TotalPageFile size 22938M (AvailPageFile size 42M)
current process WorkingSet (physical memory assigned to process): 752M, peak: 752M
current process commit charge ("private bytes"): 809M, peak: 848M

vm_info: Java HotSpot(TM) 64-Bit Server VM (21.0.1+12-LTS-29) for windows-amd64 JRE (21.0.1+12-LTS-29), built on 2023-10-05T13:27:09Z by "mach5one" with MS VC++ 17.1 (VS2022)

END.
